-- phpMyAdmin SQL Dump
-- version 5.2.1
-- https://www.phpmyadmin.net/
--
-- Host: 127.0.0.1:3306
-- Generation Time: Dec 24, 2025 at 08:53 AM
-- Server version: 8.3.0
-- PHP Version: 8.2.18

SET SQL_MODE = "NO_AUTO_VALUE_ON_ZERO";
START TRANSACTION;
SET time_zone = "+00:00";


/*!40101 SET @OLD_CHARACTER_SET_CLIENT=@@CHARACTER_SET_CLIENT */;
/*!40101 SET @OLD_CHARACTER_SET_RESULTS=@@CHARACTER_SET_RESULTS */;
/*!40101 SET @OLD_COLLATION_CONNECTION=@@COLLATION_CONNECTION */;
/*!40101 SET NAMES utf8mb4 */;

--
-- Database: `13_05_2025_atlantics`
--

-- --------------------------------------------------------

--
-- Table structure for table `cvb_assigned_courses`
--

DROP TABLE IF EXISTS `cvb_assigned_courses`;
CREATE TABLE IF NOT EXISTS `cvb_assigned_courses` (
  `id` int NOT NULL AUTO_INCREMENT,
  `staff_requisition` text,
  `type` text,
  `employee_id` text,
  `user_id` text,
  `contractor_company_id` text COMMENT 'this is groups id',
  `course_id` text,
  `course_name` text,
  `certificate_expiry_date` date DEFAULT NULL,
  `status` varchar(255) DEFAULT NULL COMMENT 'complete,Enroll,Re-Enroll,Expired',
  `notification_sent` varchar(255) DEFAULT NULL,
  `created_at` timestamp NOT NULL DEFAULT CURRENT_TIMESTAMP,
  `updated_at` timestamp NOT NULL DEFAULT CURRENT_TIMESTAMP,
  PRIMARY KEY (`id`)
) ENGINE=InnoDB AUTO_INCREMENT=32 DEFAULT CHARSET=latin1;

--
-- Dumping data for table `cvb_assigned_courses`
--

INSERT INTO `cvb_assigned_courses` (`id`, `staff_requisition`, `type`, `employee_id`, `user_id`, `contractor_company_id`, `course_id`, `course_name`, `certificate_expiry_date`, `status`, `notification_sent`, `created_at`, `updated_at`) VALUES
(30, NULL, NULL, '700812349', '19231', '1', '1', 'Driving Course', NULL, 'Enroll', NULL, '2025-12-17 02:13:49', '2025-12-17 02:13:49'),
(31, NULL, NULL, '19253', '19247', '2', '1', 'Driving Course', NULL, 'Enroll', NULL, '2025-12-17 06:24:09', '2025-12-17 06:24:09');

-- --------------------------------------------------------

--
-- Table structure for table `cvb_lms_course`
--

DROP TABLE IF EXISTS `cvb_lms_course`;
CREATE TABLE IF NOT EXISTS `cvb_lms_course` (
  `id` int NOT NULL AUTO_INCREMENT,
  `name` varchar(250) COLLATE utf8mb4_unicode_ci DEFAULT NULL,
  `category` int DEFAULT NULL,
  `client_company` int DEFAULT NULL,
  `description` longtext CHARACTER SET utf8mb4 COLLATE utf8mb4_unicode_ci,
  `course_code` varchar(250) COLLATE utf8mb4_unicode_ci DEFAULT NULL,
  `expiration_period` varchar(255) COLLATE utf8mb4_unicode_ci DEFAULT NULL,
  `price` varchar(100) COLLATE utf8mb4_unicode_ci DEFAULT NULL,
  `capacity` varchar(250) COLLATE utf8mb4_unicode_ci DEFAULT NULL,
  `video_category` varchar(250) COLLATE utf8mb4_unicode_ci DEFAULT NULL,
  `intro_video` mediumtext COLLATE utf8mb4_unicode_ci,
  `time_option` varchar(250) COLLATE utf8mb4_unicode_ci DEFAULT NULL,
  `days` varchar(250) COLLATE utf8mb4_unicode_ci DEFAULT NULL,
  `certificate_status` varchar(255) COLLATE utf8mb4_unicode_ci DEFAULT '0',
  `start_date` datetime DEFAULT NULL,
  `expiration_date` datetime DEFAULT NULL,
  `certificate` mediumtext COLLATE utf8mb4_unicode_ci,
  `status` int DEFAULT NULL,
  `image` mediumtext COLLATE utf8mb4_unicode_ci,
  `created_at` timestamp NULL DEFAULT NULL,
  `updated_at` timestamp NULL DEFAULT NULL,
  PRIMARY KEY (`id`)
) ENGINE=InnoDB AUTO_INCREMENT=4 DEFAULT CHARSET=utf8mb4 COLLATE=utf8mb4_unicode_ci;

--
-- Dumping data for table `cvb_lms_course`
--

INSERT INTO `cvb_lms_course` (`id`, `name`, `category`, `client_company`, `description`, `course_code`, `expiration_period`, `price`, `capacity`, `video_category`, `intro_video`, `time_option`, `days`, `certificate_status`, `start_date`, `expiration_date`, `certificate`, `status`, `image`, `created_at`, `updated_at`) VALUES
(1, 'Driving Course', 10, 2, 'This desc', 'CS23', '5 year', '30', '50', 'Youtube', 'https://meet.google.com/', NULL, NULL, '1', NULL, NULL, 'Standard', 1, 'https://workforceuploads.s3.us-east-2.amazonaws.com/courses/images/kKk68j3eCWnB7wT51OuijUzavlZIkoOJaA1Xvb71.png', '2025-12-17 02:07:17', '2025-12-17 02:07:25'),
(2, 'Anubhav Panwar', 10, 2, 'Lorem Ipsum is simply dummy text of the printing and typesetting industry. Lorem Ipsum has been the industry\'s standard dummy text ever since the 1500s, when an unknown printer took a galley of type and scrambled it to make a type specimen book. It has survived not only five centuries, but also the leap into electronic typesetting, remaining essentially unchanged. It was popularised in the 1960s with the release of Letraset sheets containing Lorem Ipsum passages, and more recently with desktop p', 'CS23', '2 year', '2333', '50', 'Youtube', 'https://www.youtube.com/watch?v=dummySCADAOilGas', NULL, NULL, '0', NULL, NULL, 'Standard', NULL, 'https://workforceuploads.s3.us-east-2.amazonaws.com/courses/images/UDqFiIzfZuf33Tv1EhOAnkoiV7a0RkG2fzwnJh3W.png', '2025-12-23 03:35:02', '2025-12-23 03:35:02'),
(3, 'Anubhav 7438574', 10, 2, 'Lorem Ipsum is simply dummy text of the printing and typesetting industry. Lorem Ipsum has been the industry\'s standard dummy text ever since the 1500s, when an unknown printer took a galley of type and scrambled it to make a type specimen book. It has survived not only five centuries, but also the leap into electronic typesetting, remaining essentially unchanged. It was popularised in the 1960s with the release of Letraset sheets containing Lorem Ipsum passages, and more recently with desktop p', 'ER123', '2 year', '40', '50', 'Youtube', 'https://www.youtube.com/watch?v=dummySCADAOilGas', NULL, NULL, '0', NULL, NULL, 'Standard', 1, 'https://workforceuploads.s3.us-east-2.amazonaws.com/courses/images/uqqdenJmeMHaDTRXDt958omku92XgW2G8TwqgamM.png', '2025-12-23 03:38:21', '2025-12-23 22:33:45');

-- --------------------------------------------------------

--
-- Table structure for table `cvb_lms_course_categories`
--

DROP TABLE IF EXISTS `cvb_lms_course_categories`;
CREATE TABLE IF NOT EXISTS `cvb_lms_course_categories` (
  `id` int NOT NULL AUTO_INCREMENT,
  `category_name` text,
  `parent_category` int DEFAULT NULL,
  `price` text,
  `status` int DEFAULT NULL,
  `created_by` int DEFAULT NULL,
  `created_at` timestamp NULL DEFAULT CURRENT_TIMESTAMP,
  `updated_at` timestamp NULL DEFAULT CURRENT_TIMESTAMP,
  PRIMARY KEY (`id`)
) ENGINE=InnoDB AUTO_INCREMENT=12 DEFAULT CHARSET=latin1;

--
-- Dumping data for table `cvb_lms_course_categories`
--

INSERT INTO `cvb_lms_course_categories` (`id`, `category_name`, `parent_category`, `price`, `status`, `created_by`, `created_at`, `updated_at`) VALUES
(10, 'Programming', NULL, '2333', 1, 1, '2025-12-17 02:00:18', '2025-12-17 02:00:18'),
(11, 'Programming', NULL, '2333', 1, 1, '2025-12-17 21:36:57', '2025-12-17 21:36:57');

-- --------------------------------------------------------

--
-- Table structure for table `cvb_lms_course_content`
--

DROP TABLE IF EXISTS `cvb_lms_course_content`;
CREATE TABLE IF NOT EXISTS `cvb_lms_course_content` (
  `id` int NOT NULL AUTO_INCREMENT,
  `folder_name` varchar(255) DEFAULT NULL,
  `course_id` int DEFAULT NULL,
  `content_type` varchar(100) DEFAULT NULL,
  `unit_name` varchar(250) DEFAULT NULL,
  `question_text` varchar(255) DEFAULT NULL,
  `how_to_complete_it` varchar(250) DEFAULT NULL COMMENT 'with_a_checkbox,with_a_question,with_a_period_of_time',
  `with_a_question_id` int DEFAULT NULL,
  `with_a_period_of_time` varchar(250) DEFAULT NULL,
  `time_unit` varchar(250) DEFAULT NULL,
  `source_of_content` text,
  `content` longtext CHARACTER SET utf8mb4 COLLATE utf8mb4_unicode_ci,
  `audio_file` varchar(255) DEFAULT NULL,
  `presentation_file` varchar(255) DEFAULT NULL,
  `video_file` varchar(255) DEFAULT NULL,
  `status` tinyint DEFAULT NULL,
  `added_by` int DEFAULT NULL,
  `created_at` timestamp NULL DEFAULT NULL,
  `updated_at` timestamp NULL DEFAULT NULL,
  `test_name` varchar(255) DEFAULT NULL,
  `number_attempts` int DEFAULT NULL,
  `duration` varchar(255) DEFAULT NULL,
  `pass_score_unit` varchar(255) DEFAULT NULL,
  `pass_score` int DEFAULT NULL,
  `test_questions_per_assessment` int UNSIGNED DEFAULT NULL,
  `if_not_passed` tinyint(1) DEFAULT NULL,
  `if_not_passed_action` varchar(255) DEFAULT NULL,
  `show_correct_answer` tinyint(1) DEFAULT NULL,
  `when_passed` varchar(255) DEFAULT NULL,
  `show_given_answers` tinyint(1) DEFAULT NULL,
  `video_url` varchar(255) DEFAULT NULL,
  `hide_correct_answers` tinyint(1) DEFAULT NULL,
  `allow_navigation` tinyint(1) DEFAULT NULL,
  `check_answers_first` tinyint(1) DEFAULT NULL,
  `abandon_on_fail` tinyint(1) DEFAULT NULL,
  `require_snapshot` tinyint(1) DEFAULT NULL,
  `require_password` tinyint(1) DEFAULT NULL,
  `max_attempts` int DEFAULT NULL,
  `selected_questions` longtext CHARACTER SET utf8mb4 COLLATE utf8mb4_bin,
  `question_order` longtext CHARACTER SET utf8mb4 COLLATE utf8mb4_bin,
  `question_weights` longtext CHARACTER SET utf8mb4 COLLATE utf8mb4_bin,
  `answerchosen` tinyint(1) DEFAULT NULL,
  `survey_name` varchar(255) DEFAULT NULL,
  `survey_description` text CHARACTER SET utf8mb4 COLLATE utf8mb4_0900_ai_ci,
  `assignment_name` varchar(255) DEFAULT NULL,
  `completion_type` varchar(255) DEFAULT NULL,
  `assignment_details` longtext,
  `start_time` time DEFAULT NULL,
  `test_start_time` time DEFAULT NULL,
  PRIMARY KEY (`id`)
) ENGINE=MyISAM AUTO_INCREMENT=131 DEFAULT CHARSET=utf8mb4 COLLATE=utf8mb4_0900_ai_ci;

--
-- Dumping data for table `cvb_lms_course_content`
--

INSERT INTO `cvb_lms_course_content` (`id`, `folder_name`, `course_id`, `content_type`, `unit_name`, `question_text`, `how_to_complete_it`, `with_a_question_id`, `with_a_period_of_time`, `time_unit`, `source_of_content`, `content`, `audio_file`, `presentation_file`, `video_file`, `status`, `added_by`, `created_at`, `updated_at`, `test_name`, `number_attempts`, `duration`, `pass_score_unit`, `pass_score`, `test_questions_per_assessment`, `if_not_passed`, `if_not_passed_action`, `show_correct_answer`, `when_passed`, `show_given_answers`, `video_url`, `hide_correct_answers`, `allow_navigation`, `check_answers_first`, `abandon_on_fail`, `require_snapshot`, `require_password`, `max_attempts`, `selected_questions`, `question_order`, `question_weights`, `answerchosen`, `survey_name`, `survey_description`, `assignment_name`, `completion_type`, `assignment_details`, `start_time`, `test_start_time`) VALUES
(115, 'Anubhav', 1, 'video_content', 'Video', NULL, 'checkbox', NULL, NULL, NULL, NULL, NULL, NULL, NULL, NULL, 1, 18267, '2025-12-17 02:07:55', '2025-12-17 02:07:55', NULL, NULL, NULL, NULL, NULL, NULL, NULL, NULL, NULL, NULL, NULL, 'https://youtu.be/GUUQF1t8ap0', NULL, NULL, NULL, NULL, NULL, NULL, NULL, NULL, NULL, NULL, NULL, NULL, NULL, NULL, NULL, NULL, NULL, NULL),
(116, NULL, 1, 'test_content', NULL, NULL, NULL, NULL, NULL, NULL, NULL, NULL, NULL, NULL, NULL, 1, 18267, '2025-12-17 02:13:08', '2025-12-17 02:13:08', 'TEST5', 3, '5', NULL, 100, 5, NULL, 'if_not_passed', 1, 'When Passed', NULL, NULL, 1, NULL, NULL, NULL, NULL, NULL, NULL, '[{\"id\":\"1\",\"type\":\"Multiple Choice\",\"question\":\"<p>select one option</p>\\n\"},{\"id\":\"2\",\"type\":\"Multiple Choice\",\"question\":\"<p>Select option 2</p>\\n\"},{\"id\":\"3\",\"type\":\"Multiple Choice\",\"question\":\"<p>select option 3</p>\\n\"},{\"id\":\"4\",\"type\":\"Multiple Choice\",\"question\":\"<p>select option 4</p>\\n\"},{\"id\":\"5\",\"type\":\"Multiple Choice\",\"question\":\"<p>Select question 5</p>\\n\"},{\"id\":\"6\",\"type\":\"Multiple Choice\",\"question\":\"<p>select 6</p>\\n\"},{\"id\":\"7\",\"type\":\"Multiple Choice\",\"question\":\"<p>select 7</p>\\n\"}]', '[\"1\",\"2\",\"3\",\"4\",\"5\",\"6\",\"7\"]', '[14.29,14.29,14.29,14.29,14.29,14.29,14.29]', NULL, NULL, NULL, NULL, NULL, NULL, NULL, NULL),
(118, NULL, 1, 'test_content', NULL, NULL, NULL, NULL, NULL, NULL, NULL, NULL, NULL, NULL, NULL, 1, 18267, '2025-12-17 02:56:07', '2025-12-17 02:56:07', 'TestMCQ12', 3, '12', NULL, 100, 5, NULL, 'always', 1, 'When Passed', NULL, NULL, 1, NULL, NULL, NULL, NULL, NULL, NULL, '[{\"id\":\"1\",\"type\":\"Multiple Choice\",\"question\":\"<p>select one option</p>\"},{\"id\":\"2\",\"type\":\"Multiple Choice\",\"question\":\"<p>Select option 2</p>\"},{\"id\":\"3\",\"type\":\"Multiple Choice\",\"question\":\"<p>select option 3</p>\"},{\"id\":\"4\",\"type\":\"Multiple Choice\",\"question\":\"<p>select option 4</p>\"},{\"id\":\"5\",\"type\":\"Multiple Choice\",\"question\":\"<p>Select question 5</p>\"},{\"id\":\"6\",\"type\":\"Multiple Choice\",\"question\":\"<p>select 6</p>\"},{\"id\":\"7\",\"type\":\"Multiple Choice\",\"question\":\"<p>select 7</p>\"}]', '[\"4\",\"5\",\"6\",\"2\",\"1\"]', '[20,20,20,20,20]', NULL, NULL, NULL, NULL, NULL, NULL, NULL, NULL),
(119, NULL, 1, 'test_content', NULL, NULL, NULL, NULL, NULL, NULL, NULL, NULL, NULL, NULL, NULL, 1, 18267, '2025-12-17 03:38:17', '2025-12-17 03:38:17', '20 Test', 2, '12', NULL, 100, 5, NULL, 'always', 1, 'When Passed', NULL, NULL, 1, NULL, NULL, NULL, NULL, NULL, NULL, '[{\"id\":\"1\",\"type\":\"Multiple Choice\",\"question\":\"<p>select one option</p>\"},{\"id\":\"2\",\"type\":\"Multiple Choice\",\"question\":\"<p>Select option 2</p>\"},{\"id\":\"3\",\"type\":\"Multiple Choice\",\"question\":\"<p>select option 3</p>\"},{\"id\":\"4\",\"type\":\"Multiple Choice\",\"question\":\"<p>select option 4</p>\"},{\"id\":\"5\",\"type\":\"Multiple Choice\",\"question\":\"<p>Select question 5</p>\"},{\"id\":\"6\",\"type\":\"Multiple Choice\",\"question\":\"<p>select 6</p>\"},{\"id\":\"7\",\"type\":\"Multiple Choice\",\"question\":\"<p>select 7</p>\"}]', '[\"6\",\"2\",\"1\",\"5\",\"7\"]', '[20,20,20,20,20]', NULL, NULL, NULL, NULL, NULL, NULL, NULL, NULL),
(120, NULL, 1, 'test_content', NULL, NULL, NULL, NULL, NULL, NULL, NULL, NULL, NULL, NULL, NULL, 1, 18267, '2025-12-17 03:59:56', '2025-12-17 03:59:56', 'LAST', 1, '3', NULL, 100, 5, NULL, 'if_not_passed', 1, 'When Passed', NULL, NULL, 1, NULL, NULL, NULL, NULL, NULL, NULL, '[{\"id\":\"1\",\"type\":\"Multiple Choice\",\"question\":\"<p>select one option</p>\"},{\"id\":\"2\",\"type\":\"Multiple Choice\",\"question\":\"<p>Select option 2</p>\"},{\"id\":\"3\",\"type\":\"Multiple Choice\",\"question\":\"<p>select option 3</p>\"},{\"id\":\"4\",\"type\":\"Multiple Choice\",\"question\":\"<p>select option 4</p>\"},{\"id\":\"5\",\"type\":\"Multiple Choice\",\"question\":\"<p>Select question 5</p>\"},{\"id\":\"6\",\"type\":\"Multiple Choice\",\"question\":\"<p>select 6</p>\"},{\"id\":\"7\",\"type\":\"Multiple Choice\",\"question\":\"<p>select 7</p>\"}]', '[\"4\",\"3\",\"1\",\"6\",\"7\"]', '[20,20,20,20,20]', NULL, NULL, NULL, NULL, NULL, NULL, NULL, NULL),
(121, NULL, 1, 'test_content', NULL, NULL, NULL, NULL, NULL, NULL, NULL, NULL, NULL, NULL, NULL, 1, 18267, '2025-12-17 04:10:50', '2025-12-17 04:10:50', 'New LAST', 3, '12', NULL, 100, 5, NULL, 'if_not_passed', 1, 'When Passed', NULL, NULL, 1, NULL, NULL, NULL, NULL, NULL, NULL, '[{\"id\":\"1\",\"type\":\"Multiple Choice\",\"question\":\"<p>select one option</p>\"},{\"id\":\"2\",\"type\":\"Multiple Choice\",\"question\":\"<p>Select option 2</p>\"},{\"id\":\"3\",\"type\":\"Multiple Choice\",\"question\":\"<p>select option 3</p>\"},{\"id\":\"4\",\"type\":\"Multiple Choice\",\"question\":\"<p>select option 4</p>\"},{\"id\":\"5\",\"type\":\"Multiple Choice\",\"question\":\"<p>Select question 5</p>\"},{\"id\":\"6\",\"type\":\"Multiple Choice\",\"question\":\"<p>select 6</p>\"},{\"id\":\"7\",\"type\":\"Multiple Choice\",\"question\":\"<p>select 7</p>\"}]', '[\"4\",\"5\",\"7\",\"2\",\"1\"]', '[20,20,20,20,20]', NULL, NULL, NULL, NULL, NULL, NULL, NULL, NULL),
(122, NULL, 1, 'test_content', NULL, NULL, NULL, NULL, NULL, NULL, NULL, NULL, NULL, NULL, NULL, 1, 18267, '2025-12-18 04:10:18', '2025-12-18 04:10:18', 'New Test', 3, '10', NULL, 50, 5, NULL, 'always', 0, 'When Passed', NULL, NULL, 0, NULL, NULL, NULL, NULL, NULL, NULL, '[{\"id\":\"1\",\"type\":\"Multiple Choice\",\"question\":\"<p>select one option</p>\"},{\"id\":\"2\",\"type\":\"Multiple Choice\",\"question\":\"<p>Select option 2</p>\"},{\"id\":\"3\",\"type\":\"Multiple Choice\",\"question\":\"<p>select option 3</p>\"},{\"id\":\"4\",\"type\":\"Multiple Choice\",\"question\":\"<p>select option 4</p>\"},{\"id\":\"5\",\"type\":\"Multiple Choice\",\"question\":\"<p>Select question 5</p>\"},{\"id\":\"6\",\"type\":\"Multiple Choice\",\"question\":\"<p>select 6</p>\"},{\"id\":\"7\",\"type\":\"Multiple Choice\",\"question\":\"<p>select 7</p>\"}]', '[\"2\",\"4\",\"1\",\"5\",\"7\"]', '[20,20,20,20,20]', NULL, NULL, NULL, NULL, NULL, NULL, NULL, NULL),
(123, NULL, 1, 'test_content', NULL, NULL, NULL, NULL, NULL, NULL, NULL, NULL, NULL, NULL, NULL, 1, 18267, '2025-12-18 04:24:18', '2025-12-18 04:24:18', 'New Test', 3, '10', NULL, 50, 5, NULL, 'always', 0, 'When Passed', NULL, NULL, 0, NULL, NULL, NULL, NULL, NULL, NULL, '[{\"id\":\"1\",\"type\":\"Multiple Choice\",\"question\":\"<p>select one option</p>\"},{\"id\":\"2\",\"type\":\"Multiple Choice\",\"question\":\"<p>Select option 2</p>\"},{\"id\":\"3\",\"type\":\"Multiple Choice\",\"question\":\"<p>select option 3</p>\"},{\"id\":\"4\",\"type\":\"Multiple Choice\",\"question\":\"<p>select option 4</p>\"},{\"id\":\"5\",\"type\":\"Multiple Choice\",\"question\":\"<p>Select question 5</p>\"},{\"id\":\"6\",\"type\":\"Multiple Choice\",\"question\":\"<p>select 6</p>\"},{\"id\":\"7\",\"type\":\"Multiple Choice\",\"question\":\"<p>select 7</p>\"}]', '[\"4\",\"5\",\"6\",\"1\",\"2\"]', '[20,20,20,20,20]', NULL, NULL, NULL, NULL, NULL, NULL, NULL, NULL),
(124, NULL, 1, 'presentation_content', 'Presentation or Document', NULL, 'checkbox', NULL, NULL, NULL, NULL, NULL, NULL, 'https://workforceuploads.s3.us-east-2.amazonaws.com/courses/Antrag_Anubhav_Panwar%20%281%29.pdf', NULL, 1, 19232, '2025-12-18 22:20:25', '2025-12-18 22:20:25', NULL, NULL, NULL, NULL, NULL, NULL, NULL, NULL, NULL, NULL, NULL, NULL, NULL, NULL, NULL, NULL, NULL, NULL, NULL, NULL, NULL, NULL, NULL, NULL, NULL, NULL, NULL, NULL, NULL, NULL),
(125, 'Anubhav', 3, 'test_content', NULL, NULL, NULL, NULL, NULL, NULL, NULL, NULL, NULL, NULL, NULL, 1, 18267, '2025-12-23 22:33:45', '2025-12-23 22:42:34', 'MCQ', 1, '12', NULL, 100, 1, NULL, 'if_not_passed', 1, 'when_passed', NULL, NULL, 1, NULL, NULL, NULL, NULL, NULL, NULL, '[{\"id\":\"8\",\"type\":\"Multiple Choice\",\"question\":\"<p>One new</p>\"}]', '[\"8\"]', '[100]', NULL, NULL, NULL, NULL, NULL, NULL, NULL, NULL),
(126, 'Anubhav', 3, 'test_content', NULL, NULL, NULL, NULL, NULL, NULL, NULL, NULL, NULL, NULL, NULL, 1, 18267, '2025-12-23 22:34:18', '2025-12-23 22:34:18', 'MCQ', 1, '12', NULL, 100, 1, NULL, 'if_not_passed', 1, 'When Passed', NULL, NULL, 1, NULL, NULL, NULL, NULL, NULL, NULL, '[{\"id\":\"8\",\"type\":\"Multiple Choice\",\"question\":\"<p>One new</p>\"}]', '[\"8\"]', '[100]', NULL, NULL, NULL, NULL, NULL, NULL, NULL, NULL),
(127, 'HI', 3, 'audio_content', 'Unit Name', NULL, 'checkbox', NULL, NULL, NULL, NULL, NULL, 'https://workforceuploads.s3.us-east-2.amazonaws.com/courses/cV4aMLFuul07fAHtgoY2AzHm0L4espu7nYdrYBd6.mp3', NULL, NULL, 1, 18267, '2025-12-23 22:48:49', '2025-12-23 22:50:50', NULL, NULL, NULL, NULL, NULL, NULL, NULL, NULL, NULL, NULL, NULL, NULL, NULL, NULL, NULL, NULL, NULL, NULL, NULL, NULL, NULL, NULL, NULL, NULL, NULL, NULL, NULL, NULL, NULL, NULL),
(128, 'Anubhav', 3, 'presentation_content', 'Presentation or Document', NULL, 'checkbox', NULL, NULL, NULL, NULL, NULL, NULL, 'https://workforceuploads.s3.us-east-2.amazonaws.com/courses/Anubhav%20Panwar.pdf', NULL, 1, 18267, '2025-12-23 22:54:14', '2025-12-23 23:10:43', NULL, NULL, NULL, NULL, NULL, NULL, NULL, NULL, NULL, NULL, NULL, NULL, NULL, NULL, NULL, NULL, NULL, NULL, NULL, NULL, NULL, NULL, NULL, NULL, NULL, NULL, NULL, NULL, NULL, NULL),
(129, 'HOT WORK', 3, 'presentation_content', 'Presentation or Document 2', NULL, 'checkbox', NULL, NULL, NULL, NULL, NULL, NULL, 'https://workforceuploads.s3.us-east-2.amazonaws.com/courses/Anubhav%20Panwar.pdf', NULL, 1, 18267, '2025-12-23 23:11:41', '2025-12-23 23:11:41', NULL, NULL, NULL, NULL, NULL, NULL, NULL, NULL, NULL, NULL, NULL, NULL, NULL, NULL, NULL, NULL, NULL, NULL, NULL, NULL, NULL, NULL, NULL, NULL, NULL, NULL, NULL, NULL, NULL, NULL),
(130, 'Confined', 3, 'video_content', 'Presentation or Document', NULL, 'checkbox', NULL, NULL, NULL, NULL, NULL, NULL, NULL, NULL, 1, 18267, '2025-12-23 23:16:33', '2025-12-23 23:16:33', NULL, NULL, NULL, NULL, NULL, NULL, NULL, NULL, NULL, NULL, NULL, 'https://youtu.be/GUUQF1t8ap0', NULL, NULL, NULL, NULL, NULL, NULL, NULL, NULL, NULL, NULL, NULL, NULL, NULL, NULL, NULL, NULL, NULL, NULL);

-- --------------------------------------------------------

--
-- Table structure for table `cvb_questions_bank`
--

DROP TABLE IF EXISTS `cvb_questions_bank`;
CREATE TABLE IF NOT EXISTS `cvb_questions_bank` (
  `id` int NOT NULL AUTO_INCREMENT,
  `question_type` text,
  `question` text,
  `mcq_options` text COMMENT ' Option of MCQ''s & for questions ordering',
  `correct_option` text,
  `ordering_options` text COMMENT 'for questions ordering',
  `gaps_option` text COMMENT 'gaps for fill in the gaps',
  `pair_option_1` text COMMENT 'Drag and drop 1',
  `pair_option_2` text COMMENT 'Drag and drop 2',
  `free_text_accumulated_points` text COMMENT 'free text type',
  `free_text_when` text COMMENT 'Free text options',
  `free_text_the_word` text,
  `free_text_points` text,
  `import_type` text COMMENT 'Import sub type',
  `tags` text,
  `course_id` text,
  `status` text,
  `Created_by` text,
  `Created_at` timestamp NOT NULL DEFAULT CURRENT_TIMESTAMP,
  `updated_at` timestamp NOT NULL DEFAULT CURRENT_TIMESTAMP,
  `new_course_id` text,
  PRIMARY KEY (`id`)
) ENGINE=InnoDB AUTO_INCREMENT=9 DEFAULT CHARSET=latin1;

--
-- Dumping data for table `cvb_questions_bank`
--

INSERT INTO `cvb_questions_bank` (`id`, `question_type`, `question`, `mcq_options`, `correct_option`, `ordering_options`, `gaps_option`, `pair_option_1`, `pair_option_2`, `free_text_accumulated_points`, `free_text_when`, `free_text_the_word`, `free_text_points`, `import_type`, `tags`, `course_id`, `status`, `Created_by`, `Created_at`, `updated_at`, `new_course_id`) VALUES
(1, 'Multiple Choice', '<p>select one option</p>', 'one,two,three,four', 'one', NULL, NULL, NULL, NULL, NULL, NULL, NULL, NULL, NULL, 'MCQ', '1', '1', '18267', '2025-12-17 02:08:50', '2025-12-17 02:08:50', NULL),
(2, 'Multiple Choice', '<p>Select option 2</p>', '1,2,3,4', '2', NULL, NULL, NULL, NULL, NULL, NULL, NULL, NULL, NULL, 'MCQ', '1', '1', '18267', '2025-12-17 02:09:22', '2025-12-17 02:09:22', NULL),
(3, 'Multiple Choice', '<p>select option 3</p>', '1,2,3,4', '3', NULL, NULL, NULL, NULL, NULL, NULL, NULL, NULL, NULL, 'MCQ', '1', '1', '18267', '2025-12-17 02:10:24', '2025-12-17 02:10:24', NULL),
(4, 'Multiple Choice', '<p>select option 4</p>', '1,2,3,4', '4', NULL, NULL, NULL, NULL, NULL, NULL, NULL, NULL, NULL, 'MCQ', '1', '1', '18267', '2025-12-17 02:10:54', '2025-12-17 02:10:54', NULL),
(5, 'Multiple Choice', '<p>Select question 5</p>', '1,2,5,3', '5', NULL, NULL, NULL, NULL, NULL, NULL, NULL, NULL, NULL, 'MCQ', '1', '1', '18267', '2025-12-17 02:11:25', '2025-12-17 02:11:25', NULL),
(6, 'Multiple Choice', '<p>select 6</p>', '1,6,4,7', '6', NULL, NULL, NULL, NULL, NULL, NULL, NULL, NULL, NULL, 'MCQ', '1', '1', '18267', '2025-12-17 02:11:53', '2025-12-17 02:11:53', NULL),
(7, 'Multiple Choice', '<p>select 7</p>', '7,1,3,8', '7', NULL, NULL, NULL, NULL, NULL, NULL, NULL, NULL, NULL, 'MCQ', '1', '1', '18267', '2025-12-17 02:12:22', '2025-12-17 02:12:22', NULL),
(8, 'Multiple Choice', '<p>One new</p>', '1,2', '2', NULL, NULL, NULL, NULL, NULL, NULL, NULL, NULL, NULL, 'MCQ', '3', '1', '18267', '2025-12-23 22:33:21', '2025-12-23 22:33:21', NULL);

-- --------------------------------------------------------

--
-- Table structure for table `lms_certificate_issue`
--

DROP TABLE IF EXISTS `lms_certificate_issue`;
CREATE TABLE IF NOT EXISTS `lms_certificate_issue` (
  `id` int NOT NULL AUTO_INCREMENT,
  `employee_id` varchar(255) DEFAULT NULL,
  `issue_date` date DEFAULT NULL,
  `expire_date` date DEFAULT NULL,
  `course_name` varchar(255) DEFAULT NULL,
  `certificate_id` varchar(50) DEFAULT NULL,
  PRIMARY KEY (`id`)
) ENGINE=InnoDB AUTO_INCREMENT=28 DEFAULT CHARSET=latin1;

--
-- Dumping data for table `lms_certificate_issue`
--

INSERT INTO `lms_certificate_issue` (`id`, `employee_id`, `issue_date`, `expire_date`, `course_name`, `certificate_id`) VALUES
(24, '19243', '2025-08-07', '2030-08-07', 'Basic Medical Laboratory Testing: Understanding Blood Tests', 'AL323-2508-001'),
(25, '19253', '2025-10-29', '2030-10-29', 'Basic Medical Laboratory Testing: Understanding Blood Tests', 'AL323-2510-001'),
(26, '19253', '2025-10-29', '2030-10-29', 'Basic Medical Laboratory Testing: Understanding Blood Tests', 'AL323-2510-001'),
(27, '19253', '2025-10-29', '2030-10-29', 'Basic Medical Laboratory Testing: Understanding Blood Tests', 'AL323-2510-001');

-- --------------------------------------------------------

--
-- Table structure for table `lms_content_completions`
--

DROP TABLE IF EXISTS `lms_content_completions`;
CREATE TABLE IF NOT EXISTS `lms_content_completions` (
  `id` bigint UNSIGNED NOT NULL AUTO_INCREMENT,
  `employee_id` bigint UNSIGNED DEFAULT NULL,
  `course_id` bigint UNSIGNED DEFAULT NULL,
  `content_id` bigint UNSIGNED DEFAULT NULL,
  `content_type` varchar(255) CHARACTER SET utf8mb4 COLLATE utf8mb4_general_ci DEFAULT NULL,
  `created_at` timestamp NULL DEFAULT NULL,
  `updated_at` timestamp NULL DEFAULT NULL,
  `status` varchar(255) CHARACTER SET utf8mb4 COLLATE utf8mb4_general_ci DEFAULT 'incomplete',
  PRIMARY KEY (`id`)
) ENGINE=InnoDB AUTO_INCREMENT=41 DEFAULT CHARSET=utf8mb4 COLLATE=utf8mb4_general_ci;

--
-- Dumping data for table `lms_content_completions`
--

INSERT INTO `lms_content_completions` (`id`, `employee_id`, `course_id`, `content_id`, `content_type`, `created_at`, `updated_at`, `status`) VALUES
(30, 19253, 37, 92, 'test_content', '2025-11-10 00:21:09', '2025-11-10 00:21:09', 'comple'),
(31, 19253, 37, 95, 'video_content', '2025-11-12 22:10:35', '2025-11-12 22:10:35', 'complete'),
(32, 19253, 37, 99, 'audio_content', '2025-11-13 19:51:06', '2025-11-13 19:51:06', 'complete'),
(33, 19253, 37, 101, 'test_content', '2025-11-13 19:53:02', '2025-11-13 19:53:02', 'complete'),
(34, 19253, 37, 103, 'test_content', '2025-11-13 20:09:22', '2025-11-13 20:09:22', 'complete'),
(35, 19235, 37, 111, 'test_content', '2025-12-12 02:59:21', '2025-12-12 02:59:21', 'complete'),
(36, 19235, 37, 109, 'video_content', '2025-12-17 00:48:59', '2025-12-17 00:48:59', 'complete'),
(37, 700812349, 1, 115, 'video_content', '2025-12-17 02:50:18', '2025-12-17 02:50:18', 'complete'),
(38, 700812349, 1, 120, 'test_content', '2025-12-17 04:10:11', '2025-12-17 04:10:11', 'complete'),
(39, 19253, 1, 122, 'test_content', '2025-12-18 04:11:05', '2025-12-18 04:11:05', 'complete'),
(40, 19253, 1, 123, 'test_content', '2025-12-18 04:25:02', '2025-12-18 04:25:02', 'complete');

-- --------------------------------------------------------

--
-- Table structure for table `lms_course_completions`
--

DROP TABLE IF EXISTS `lms_course_completions`;
CREATE TABLE IF NOT EXISTS `lms_course_completions` (
  `id` int NOT NULL AUTO_INCREMENT,
  `course_id` int NOT NULL,
  `completion_criteria` enum('all_units','percentage_of_units','selected_units') NOT NULL,
  `percentage_of_units` int DEFAULT NULL,
  `selected_units` longtext CHARACTER SET utf8mb4 COLLATE utf8mb4_bin,
  `created_at` timestamp NOT NULL DEFAULT CURRENT_TIMESTAMP,
  `updated_at` timestamp NOT NULL DEFAULT CURRENT_TIMESTAMP ON UPDATE CURRENT_TIMESTAMP,
  PRIMARY KEY (`id`)
) ENGINE=MyISAM AUTO_INCREMENT=2 DEFAULT CHARSET=utf8mb4 COLLATE=utf8mb4_0900_ai_ci;

-- --------------------------------------------------------

--
-- Table structure for table `test_logs`
--

DROP TABLE IF EXISTS `test_logs`;
CREATE TABLE IF NOT EXISTS `test_logs` (
  `id` int NOT NULL AUTO_INCREMENT,
  `employee_id` int NOT NULL,
  `employee_answer` text,
  `course_id` int DEFAULT NULL,
  `question_status` text,
  `content_id` int DEFAULT NULL,
  `status` enum('passed','failed','pending') CHARACTER SET utf8mb4 COLLATE utf8mb4_general_ci NOT NULL DEFAULT 'pending',
  `marks` int DEFAULT '0',
  `created_at` timestamp NOT NULL DEFAULT CURRENT_TIMESTAMP,
  `question_id` int DEFAULT NULL,
  `updated_at` timestamp NOT NULL DEFAULT CURRENT_TIMESTAMP ON UPDATE CURRENT_TIMESTAMP,
  PRIMARY KEY (`id`)
) ENGINE=MyISAM AUTO_INCREMENT=117 DEFAULT CHARSET=utf8mb4 COLLATE=utf8mb4_0900_ai_ci;

--
-- Dumping data for table `test_logs`
--

INSERT INTO `test_logs` (`id`, `employee_id`, `employee_answer`, `course_id`, `question_status`, `content_id`, `status`, `marks`, `created_at`, `question_id`, `updated_at`) VALUES
(1, 19235, '{\"1\":{\"question_id\":\"1\",\"answer\":\"[\\\"int arr[] = new int[5];\\\"]\",\"question_type\":\"Multiple Choice\"},\"2\":{\"question_id\":\"2\",\"answer\":\"[\\\"extends\\\"]\",\"question_type\":\"Multiple Choice\"},\"3\":{\"question_id\":\"3\",\"answer\":\"[\\\"new\\\"]\",\"question_type\":\"Multiple Choice\"}}', 1, '[{\"question_id\":1,\"is_correct\":\"correct\"},{\"question_id\":2,\"is_correct\":\"correct\"},{\"question_id\":3,\"is_correct\":\"correct\"}]', 1, 'passed', 100, '2025-07-22 00:26:07', NULL, '2025-07-22 00:26:07'),
(2, 19235, '{\"1\":{\"question_id\":\"1\",\"answer\":\"[\\\"int arr[] = new int[5];\\\"]\",\"question_type\":\"Multiple Choice\"},\"2\":{\"question_id\":\"2\",\"answer\":\"[\\\"extends\\\"]\",\"question_type\":\"Multiple Choice\"}}', 1, '[{\"question_id\":1,\"is_correct\":\"correct\"},{\"question_id\":2,\"is_correct\":\"correct\"}]', 2, 'passed', 100, '2025-07-22 20:50:44', NULL, '2025-07-22 20:50:44'),
(3, 19235, '{\"3\":{\"question_id\":\"3\",\"answer\":\"[\\\"new\\\"]\",\"question_type\":\"Multiple Choice\"}}', 1, '[{\"question_id\":3,\"is_correct\":\"correct\"}]', 3, 'passed', 100, '2025-07-22 21:03:52', NULL, '2025-07-22 21:03:52'),
(4, 19235, '{\"3\":{\"question_id\":\"3\",\"answer\":\"[\\\"new\\\"]\",\"question_type\":\"Multiple Choice\"}}', 1, '[{\"question_id\":3,\"is_correct\":\"correct\"}]', 4, 'passed', 100, '2025-07-22 21:08:38', NULL, '2025-07-22 21:08:38'),
(5, 19235, '{\"3\":{\"question_id\":\"3\",\"answer\":\"[\\\"new\\\"]\",\"question_type\":\"Multiple Choice\"}}', 1, '[{\"question_id\":3,\"is_correct\":\"correct\"}]', 5, 'passed', 100, '2025-07-22 21:14:01', NULL, '2025-07-22 21:14:01'),
(6, 19235, '{\"1\":{\"question_id\":\"1\",\"answer\":\"[\\\"int arr[] = new int[5];\\\"]\",\"question_type\":\"Multiple Choice\"}}', 1, '[{\"question_id\":1,\"is_correct\":\"correct\"}]', 6, 'passed', 100, '2025-07-22 21:16:02', NULL, '2025-07-22 21:16:02'),
(7, 19235, '{\"2\":{\"question_id\":\"2\",\"answer\":\"[\\\"extends\\\"]\",\"question_type\":\"Multiple Choice\"}}', 1, '[{\"question_id\":2,\"is_correct\":\"correct\"}]', 7, 'passed', 100, '2025-07-22 21:17:26', NULL, '2025-07-22 21:17:26'),
(8, 19235, '{\"2\":{\"question_id\":\"2\",\"answer\":\"[\\\"extends\\\"]\",\"question_type\":\"Multiple Choice\"}}', 1, '[{\"question_id\":2,\"is_correct\":\"correct\"}]', 8, 'passed', 100, '2025-07-22 21:23:43', NULL, '2025-07-22 21:23:43'),
(9, 19235, '{\"2\":{\"question_id\":\"2\",\"answer\":\"[\\\"extends\\\"]\",\"question_type\":\"Multiple Choice\"}}', 1, '[{\"question_id\":2,\"is_correct\":\"correct\"}]', 9, 'passed', 100, '2025-07-22 21:26:35', NULL, '2025-07-22 21:26:35'),
(10, 19235, '{\"2\":{\"question_id\":\"2\",\"answer\":\"[\\\"extends\\\"]\",\"question_type\":\"Multiple Choice\"}}', 1, '[{\"question_id\":2,\"is_correct\":\"correct\"}]', 10, 'passed', 100, '2025-07-22 21:28:47', NULL, '2025-07-22 21:28:47'),
(11, 19235, '{\"2\":{\"question_id\":\"2\",\"answer\":\"[\\\"extends\\\"]\",\"question_type\":\"Multiple Choice\"}}', 1, '[{\"question_id\":2,\"is_correct\":\"correct\"}]', 11, 'passed', 100, '2025-07-22 21:36:09', NULL, '2025-07-22 21:36:09'),
(12, 19235, '{\"3\":{\"question_id\":\"3\",\"answer\":\"[]\",\"question_type\":\"Multiple Choice\"}}', 1, '[{\"question_id\":3,\"is_correct\":\"false\"}]', 12, 'failed', 0, '2025-07-22 22:07:30', NULL, '2025-07-22 22:07:30'),
(13, 19235, '{\"1\":{\"question_id\":\"1\",\"answer\":\"[\\\"int arr[] = new int[5];\\\"]\",\"question_type\":\"Multiple Choice\"},\"2\":{\"question_id\":\"2\",\"answer\":\"[\\\"extends\\\"]\",\"question_type\":\"Multiple Choice\"}}', 1, '[{\"question_id\":1,\"is_correct\":\"correct\"},{\"question_id\":2,\"is_correct\":\"correct\"}]', 15, 'passed', 100, '2025-07-23 20:11:49', NULL, '2025-07-23 20:11:49'),
(14, 19235, '{\"1\":{\"question_id\":\"1\",\"answer\":\"[\\\"int arr[] = new int[5];\\\"]\",\"question_type\":\"Multiple Choice\"},\"2\":{\"question_id\":\"2\",\"answer\":\"[\\\"extends\\\"]\",\"question_type\":\"Multiple Choice\"},\"3\":{\"question_id\":\"3\",\"answer\":\"[\\\"new\\\"]\",\"question_type\":\"Multiple Choice\"}}', 1, '[{\"question_id\":1,\"is_correct\":\"correct\"},{\"question_id\":2,\"is_correct\":\"correct\"},{\"question_id\":3,\"is_correct\":\"correct\"}]', 16, 'passed', 100, '2025-07-23 20:19:01', NULL, '2025-07-23 20:19:01'),
(15, 19235, '{\"1\":{\"question_id\":\"1\",\"answer\":\"[\\\"int arr[] = new int[5];\\\"]\",\"question_type\":\"Multiple Choice\"},\"2\":{\"question_id\":\"2\",\"answer\":\"[\\\"extends\\\"]\",\"question_type\":\"Multiple Choice\"},\"3\":{\"question_id\":\"3\",\"answer\":\"[\\\"new\\\"]\",\"question_type\":\"Multiple Choice\"}}', 1, '[{\"question_id\":1,\"is_correct\":\"correct\"},{\"question_id\":2,\"is_correct\":\"correct\"},{\"question_id\":3,\"is_correct\":\"correct\"}]', 17, 'passed', 100, '2025-07-23 20:27:46', NULL, '2025-07-23 20:27:46'),
(16, 19235, '{\"2\":{\"question_id\":\"2\",\"answer\":\"[\\\"extends\\\"]\",\"question_type\":\"Multiple Choice\"}}', 1, '[{\"question_id\":2,\"is_correct\":\"correct\"}]', 18, 'passed', 100, '2025-07-23 20:30:04', NULL, '2025-07-23 20:30:04'),
(17, 19235, '{\"1\":{\"question_id\":\"1\",\"answer\":\"[\\\"int arr[] = new int[5];\\\"]\",\"question_type\":\"Multiple Choice\"},\"2\":{\"question_id\":\"2\",\"answer\":\"[\\\"extends\\\"]\",\"question_type\":\"Multiple Choice\"}}', 1, '[{\"question_id\":1,\"is_correct\":\"correct\"},{\"question_id\":2,\"is_correct\":\"correct\"}]', 19, 'passed', 100, '2025-07-23 20:33:40', NULL, '2025-07-23 20:33:40'),
(18, 19235, '{\"1\":{\"question_id\":\"1\",\"answer\":\"[\\\"int arr[] = new int[5];\\\"]\",\"question_type\":\"Multiple Choice\"}}', 1, '[{\"question_id\":1,\"is_correct\":\"correct\"}]', 20, 'passed', 100, '2025-07-23 20:40:35', NULL, '2025-07-23 20:40:35'),
(19, 19235, '{\"1\":{\"question_id\":\"1\",\"answer\":\"[\\\"int arr[] = new int[5];\\\"]\",\"question_type\":\"Multiple Choice\"},\"2\":{\"question_id\":\"2\",\"answer\":\"[\\\"extends\\\"]\",\"question_type\":\"Multiple Choice\"}}', 1, '[{\"question_id\":1,\"is_correct\":\"correct\"},{\"question_id\":2,\"is_correct\":\"correct\"}]', 21, 'passed', 100, '2025-07-23 20:48:45', NULL, '2025-07-23 20:48:45'),
(20, 19235, '{\"1\":{\"question_id\":\"1\",\"answer\":\"[\\\"int arr[] = new int[5];\\\"]\",\"question_type\":\"Multiple Choice\"}}', 1, '[{\"question_id\":1,\"is_correct\":\"correct\"}]', 22, 'passed', 100, '2025-07-23 20:57:53', NULL, '2025-07-23 20:57:53'),
(21, 19235, '{\"2\":{\"question_id\":\"2\",\"answer\":\"[\\\"extends\\\"]\",\"question_type\":\"Multiple Choice\"}}', 1, '[{\"question_id\":2,\"is_correct\":\"correct\"}]', 23, 'passed', 100, '2025-07-23 21:06:29', NULL, '2025-07-23 21:06:29'),
(22, 19235, '{\"3\":{\"question_id\":\"3\",\"answer\":\"[\\\"new\\\"]\",\"question_type\":\"Multiple Choice\"}}', 1, '[{\"question_id\":3,\"is_correct\":\"correct\"}]', 24, 'passed', 100, '2025-07-23 21:11:12', NULL, '2025-07-23 21:11:12'),
(23, 19235, '{\"3\":{\"question_id\":\"3\",\"answer\":\"[\\\"new\\\"]\",\"question_type\":\"Multiple Choice\"}}', 1, '[{\"question_id\":3,\"is_correct\":\"correct\"}]', 25, 'passed', 100, '2025-07-23 21:12:34', NULL, '2025-07-23 21:12:34'),
(24, 19235, '{\"1\":{\"question_id\":\"1\",\"answer\":\"[\\\"int arr[] = new int[5];\\\"]\",\"question_type\":\"Multiple Choice\"},\"3\":{\"question_id\":\"3\",\"answer\":\"[\\\"new\\\"]\",\"question_type\":\"Multiple Choice\"}}', 1, '[{\"question_id\":1,\"is_correct\":\"correct\"},{\"question_id\":3,\"is_correct\":\"correct\"}]', 26, 'passed', 100, '2025-07-24 01:05:54', NULL, '2025-07-24 01:05:54'),
(25, 19235, '{\"1\":{\"question_id\":\"1\",\"answer\":\"[\\\"int arr[] = new int[5];\\\"]\",\"question_type\":\"Multiple Choice\"},\"2\":{\"question_id\":\"2\",\"answer\":\"[\\\"extends\\\"]\",\"question_type\":\"Multiple Choice\"},\"3\":{\"question_id\":\"3\",\"answer\":\"[\\\"new\\\"]\",\"question_type\":\"Multiple Choice\"}}', 1, '[{\"question_id\":1,\"is_correct\":\"correct\"},{\"question_id\":2,\"is_correct\":\"correct\"},{\"question_id\":3,\"is_correct\":\"correct\"}]', 27, 'passed', 100, '2025-07-27 18:38:07', NULL, '2025-07-27 18:38:07'),
(26, 19235, '{\"1\":{\"question_id\":\"1\",\"answer\":\"[\\\"int arr[] = new int[5];\\\"]\",\"question_type\":\"Multiple Choice\"}}', 1, '[{\"question_id\":1,\"is_correct\":\"correct\"}]', 28, 'passed', 100, '2025-07-27 18:59:02', NULL, '2025-07-27 18:59:02'),
(27, 19240, '{\"47\":{\"question_id\":\"47\",\"answer\":\"[\\\"Safety Helmet\\\"]\",\"question_type\":\"Multiple Choice\"},\"48\":{\"question_id\":\"48\",\"answer\":\"[\\\"Personal\\\"]\",\"question_type\":\"Fill the Gap\"},\"49\":{\"question_id\":\"49\",\"answer\":\"[\\\"Elimination\\\",\\\"Substitution\\\",\\\"Engineering Controls\\\",\\\"Administrative Controls\\\",\\\"PPE\\\"]\",\"question_type\":\"Ordering\"}}', 34, '[{\"question_id\":47,\"is_correct\":\"correct\"},{\"question_id\":48,\"is_correct\":\"false\"},{\"question_id\":49,\"is_correct\":\"false\"}]', 47, 'failed', 33, '2025-08-07 01:55:10', NULL, '2025-08-07 01:55:10'),
(28, 19240, '{\"52\":{\"question_id\":\"52\",\"answer\":\"[\\\"Supervisory Control And Data Acquisition\\\"]\",\"question_type\":\"Multiple Choice\"},\"53\":{\"question_id\":\"53\",\"answer\":\"[\\\"RTU (Remote Terminal Unit)\\\"]\",\"question_type\":\"Fill the Gap\"},\"54\":{\"question_id\":\"54\",\"answer\":\"[\\\"Field devices collect data\\\",\\\"RTUs send data to central server\\\",\\\"SCADA processes data\\\",\\\"Operators receive data on HMI\\\"]\",\"question_type\":\"Ordering\"}}', 35, '[{\"question_id\":52,\"is_correct\":\"correct\"},{\"question_id\":53,\"is_correct\":\"false\"},{\"question_id\":54,\"is_correct\":\"false\"}]', 53, 'failed', 33, '2025-08-07 02:01:01', NULL, '2025-08-07 02:01:01'),
(29, 19240, '{\"52\":{\"question_id\":\"52\",\"answer\":\"[\\\"Supervisory Control And Data Acquisition\\\"]\",\"question_type\":\"Multiple Choice\"},\"53\":{\"question_id\":\"53\",\"answer\":\"[\\\"RTU (Remote Terminal Unit)\\\"]\",\"question_type\":\"Fill the Gap\"},\"54\":{\"question_id\":\"54\",\"answer\":\"[\\\"Field devices collect data\\\",\\\"RTUs send data to central server\\\",\\\"SCADA processes data\\\",\\\"Operators receive data on HMI\\\"]\",\"question_type\":\"Ordering\"}}', 35, '[{\"question_id\":52,\"is_correct\":\"correct\"},{\"question_id\":53,\"is_correct\":\"false\"},{\"question_id\":54,\"is_correct\":\"correct\"}]', 53, 'failed', 67, '2025-08-07 02:30:12', NULL, '2025-08-07 02:30:12'),
(30, 19240, '{\"52\":{\"question_id\":\"52\",\"answer\":\"[\\\"Supervisory Control And Data Acquisition\\\"]\",\"question_type\":\"Multiple Choice\"},\"53\":{\"question_id\":\"53\",\"answer\":\"[\\\"RTU (Remote Terminal Unit)\\\"]\",\"question_type\":\"Fill the Gap\"},\"54\":{\"question_id\":\"54\",\"answer\":\"[\\\"Field devices collect data\\\",\\\"RTUs send data to central server\\\",\\\"SCADA processes data\\\",\\\"Operators receive data on HMI\\\"]\",\"question_type\":\"Ordering\"}}', 35, '[{\"question_id\":52,\"is_correct\":\"correct\"},{\"question_id\":53,\"is_correct\":\"false\"},{\"question_id\":54,\"is_correct\":\"correct\"}]', 53, 'failed', 67, '2025-08-07 02:41:53', NULL, '2025-08-07 02:41:53'),
(31, 19240, '{\"52\":{\"question_id\":\"52\",\"answer\":\"[\\\"Supervisory Control And Data Acquisition\\\"]\",\"question_type\":\"Multiple Choice\"},\"53\":{\"question_id\":\"53\",\"answer\":\"[\\\"RTU (Remote Terminal Unit)\\\"]\",\"question_type\":\"Fill the Gap\"},\"54\":{\"question_id\":\"54\",\"answer\":\"[\\\"Field devices collect data\\\",\\\"RTUs send data to central server\\\",\\\"SCADA processes data\\\",\\\"Operators receive data on HMI\\\"]\",\"question_type\":\"Ordering\"},\"55\":{\"question_id\":\"55\",\"answer\":\"[\\\"Local control logic execution\\\",\\\"Interface for human operators\\\",\\\"Remote data acquisition\\\"]\",\"question_type\":\"Drag-Drop\"},\"56\":{\"question_id\":\"56\",\"answer\":\"Redundancy ensures system reliability and availability, preventing data loss or control failure during critical operations in hazardous environments.\",\"question_type\":\"Free-Text\"}}', 35, '[{\"question_id\":52,\"is_correct\":\"correct\"},{\"question_id\":53,\"is_correct\":\"correct\"},{\"question_id\":54,\"is_correct\":\"correct\"},{\"question_id\":55,\"is_correct\":\"false\"},{\"question_id\":56,\"is_correct\":\"correct\"}]', 55, 'failed', 80, '2025-08-07 02:46:38', NULL, '2025-08-07 02:46:38'),
(32, 19240, '{\"56\":{\"question_id\":\"56\",\"answer\":\"Redundancy ensures system reliability and availability, preventing data loss or control failure during critical operations in hazardous environments.\",\"question_type\":\"Free-Text\"}}', 35, '[{\"question_id\":56,\"is_correct\":\"correct\"}]', 55, 'failed', 20, '2025-08-07 02:46:38', NULL, '2025-08-07 02:46:38'),
(33, 19240, '{\"52\":{\"question_id\":\"52\",\"answer\":\"[\\\"Supervisory Control And Data Acquisition\\\"]\",\"question_type\":\"Multiple Choice\"},\"53\":{\"question_id\":\"53\",\"answer\":\"[\\\"RTU\\\"]\",\"question_type\":\"Fill the Gap\"},\"54\":{\"question_id\":\"54\",\"answer\":\"[\\\"Field devices collect data\\\",\\\"RTUs send data to central server\\\",\\\"SCADA processes data\\\",\\\"Operators receive data on HMI\\\"]\",\"question_type\":\"Ordering\"},\"55\":{\"question_id\":\"55\",\"answer\":\"[\\\"Local control logic execution\\\",\\\"Interface for human operators\\\",\\\"Remote data acquisition\\\"]\",\"question_type\":\"Drag-Drop\"},\"56\":{\"question_id\":\"56\",\"answer\":\"Redundancy ensures system reliability and availability, preventing data loss or control failure during critical operations in hazardous environments.\",\"question_type\":\"Free-Text\"}}', 35, '[{\"question_id\":52,\"is_correct\":\"correct\"},{\"question_id\":53,\"is_correct\":\"false\"},{\"question_id\":54,\"is_correct\":\"correct\"},{\"question_id\":55,\"is_correct\":\"false\"},{\"question_id\":56,\"is_correct\":\"correct\"}]', 55, 'failed', 60, '2025-08-07 02:48:35', NULL, '2025-08-07 02:48:35'),
(34, 19240, '{\"52\":{\"question_id\":\"52\",\"answer\":\"[\\\"Supervisory Control And Data Acquisition\\\"]\",\"question_type\":\"Multiple Choice\"},\"53\":{\"question_id\":\"53\",\"answer\":\"[\\\"RTU\\\"]\",\"question_type\":\"Fill the Gap\"},\"54\":{\"question_id\":\"54\",\"answer\":\"[\\\"Field devices collect data\\\",\\\"RTUs send data to central server\\\",\\\"SCADA processes data\\\",\\\"Operators receive data on HMI\\\"]\",\"question_type\":\"Ordering\"},\"55\":{\"question_id\":\"55\",\"answer\":\"[\\\"Local control logic execution\\\",\\\"Interface for human operators\\\",\\\"Remote data acquisition\\\"]\",\"question_type\":\"Drag-Drop\"},\"56\":{\"question_id\":\"56\",\"answer\":\"Redundancy ensures system reliability and availability, preventing data loss or control failure during critical operations in hazardous environments.\",\"question_type\":\"Free-Text\"}}', 35, '[{\"question_id\":52,\"is_correct\":\"correct\"},{\"question_id\":53,\"is_correct\":\"false\"},{\"question_id\":54,\"is_correct\":\"correct\"},{\"question_id\":55,\"is_correct\":\"false\"},{\"question_id\":56,\"is_correct\":\"correct\"}]', 55, 'failed', 60, '2025-08-07 03:02:22', NULL, '2025-08-07 03:02:22'),
(35, 19240, '{\"52\":{\"question_id\":\"52\",\"answer\":\"[\\\"Supervisory Control And Data Acquisition\\\"]\",\"question_type\":\"Multiple Choice\"},\"53\":{\"question_id\":\"53\",\"answer\":\"[\\\"RTU\\\"]\",\"question_type\":\"Fill the Gap\"},\"54\":{\"question_id\":\"54\",\"answer\":\"[\\\"Field devices collect data\\\",\\\"RTUs send data to central server\\\",\\\"SCADA processes data\\\",\\\"Operators receive data on HMI\\\"]\",\"question_type\":\"Ordering\"},\"55\":{\"question_id\":\"55\",\"answer\":\"[\\\"Local control logic execution\\\",\\\"Interface for human operators\\\",\\\"Remote data acquisition\\\"]\",\"question_type\":\"Drag-Drop\"},\"56\":{\"question_id\":\"56\",\"answer\":\"Redundancy ensures system reliability and availability, preventing data loss or control failure during critical operations in hazardous environments.\",\"question_type\":\"Free-Text\"}}', 35, '[{\"question_id\":52,\"is_correct\":\"correct\"},{\"question_id\":53,\"is_correct\":\"correct\"},{\"question_id\":54,\"is_correct\":\"correct\"},{\"question_id\":55,\"is_correct\":\"false\"},{\"question_id\":56,\"is_correct\":\"correct\"}]', 55, 'failed', 80, '2025-08-07 03:14:21', NULL, '2025-08-07 03:14:21'),
(36, 19240, '{\"52\":{\"question_id\":\"52\",\"answer\":\"[\\\"Supervisory Control And Data Acquisition\\\"]\",\"question_type\":\"Multiple Choice\"},\"53\":{\"question_id\":\"53\",\"answer\":\"[\\\"RTU\\\"]\",\"question_type\":\"Fill the Gap\"},\"54\":{\"question_id\":\"54\",\"answer\":\"[\\\"Field devices collect data\\\",\\\"RTUs send data to central server\\\",\\\"SCADA processes data\\\",\\\"Operators receive data on HMI\\\"]\",\"question_type\":\"Ordering\"},\"55\":{\"question_id\":\"55\",\"answer\":\"[\\\"Local control logic execution\\\",\\\"Interface for human operators\\\",\\\"Remote data acquisition\\\"]\",\"question_type\":\"Drag-Drop\"},\"56\":{\"question_id\":\"56\",\"answer\":\"Redundancy ensures system reliability and availability, preventing data loss or control failure during critical operations in hazardous environments.\",\"question_type\":\"Free-Text\"}}', 35, '[{\"question_id\":52,\"is_correct\":\"correct\"},{\"question_id\":53,\"is_correct\":\"correct\"},{\"question_id\":54,\"is_correct\":\"correct\"},{\"question_id\":55,\"is_correct\":\"false\"},{\"question_id\":56,\"is_correct\":\"correct\"}]', 55, 'failed', 80, '2025-08-07 04:43:38', NULL, '2025-08-07 04:43:38'),
(37, 19240, '{\"55\":{\"question_id\":\"55\",\"answer\":\"[\\\"Local control logic execution\\\",\\\"Remote data acquisition\\\",\\\"Interface for human operators\\\"]\",\"question_type\":\"Drag-Drop\"},\"56\":{\"question_id\":\"56\",\"answer\":\"Redundancy ensures system reliability and availability, preventing data loss or control failure during critical operations in hazardous environments.\",\"question_type\":\"Free-Text\"}}', 35, '[{\"question_id\":55,\"is_correct\":\"false\"},{\"question_id\":56,\"is_correct\":\"correct\"}]', 55, 'failed', 20, '2025-08-07 04:44:34', NULL, '2025-08-07 04:44:34'),
(38, 19240, '{\"55\":{\"question_id\":\"55\",\"answer\":\"[\\\"Local control logic execution\\\",\\\"Remote data acquisition\\\",\\\"Interface for human operators\\\"]\",\"question_type\":\"Drag-Drop\"},\"56\":{\"question_id\":\"56\",\"answer\":\"rfe\",\"question_type\":\"Free-Text\"}}', 35, '[{\"question_id\":55,\"is_correct\":\"false\"},{\"question_id\":56,\"is_correct\":\"false\"}]', 55, 'failed', 0, '2025-08-07 04:47:54', NULL, '2025-08-07 04:47:54'),
(39, 19240, '{\"55\":{\"question_id\":\"55\",\"answer\":\"[\\\"Remote data acquisition\\\",\\\"Local control logic execution\\\",\\\"Interface for human operators\\\"]\",\"question_type\":\"Drag-Drop\"},\"56\":{\"question_id\":\"56\",\"answer\":\"Redundancy,hazardous\",\"question_type\":\"Free-Text\"}}', 35, '[{\"question_id\":55,\"is_correct\":\"false\"},{\"question_id\":56,\"is_correct\":\"correct\"}]', 55, 'failed', 20, '2025-08-07 04:48:21', NULL, '2025-08-07 04:48:21'),
(40, 19240, '{\"55\":{\"question_id\":\"55\",\"answer\":\"[\\\"Local control logic execution\\\",\\\"Interface for human operators\\\",\\\"Remote data acquisition\\\"]\",\"question_type\":\"Drag-Drop\"},\"56\":{\"question_id\":\"56\",\"answer\":\"Redundancy ensures system reliability and availability, preventing data loss or control failure during critical operations in hazardous environments.\",\"question_type\":\"Free-Text\"}}', 35, '[{\"question_id\":55,\"is_correct\":\"false\"},{\"question_id\":56,\"is_correct\":\"correct\"}]', 55, 'failed', 20, '2025-08-07 04:54:51', NULL, '2025-08-07 04:54:51'),
(41, 19240, '{\"54\":{\"question_id\":\"54\",\"answer\":\"[\\\"Field devices collect data\\\",\\\"RTUs send data to central server\\\",\\\"SCADA processes data\\\",\\\"Operators receive data on HMI\\\"]\",\"question_type\":\"Ordering\"},\"55\":{\"question_id\":\"55\",\"answer\":\"[\\\"Local control logic execution\\\",\\\"Interface for human operators\\\",\\\"Remote data acquisition\\\"]\",\"question_type\":\"Drag-Drop\"},\"56\":{\"question_id\":\"56\",\"answer\":\"Redundancy ensures system reliability and availability, preventing data loss or control failure during critical operations in hazardous environments.\",\"question_type\":\"Free-Text\"}}', 35, '[{\"question_id\":54,\"is_correct\":\"correct\"},{\"question_id\":55,\"is_correct\":\"false\"},{\"question_id\":56,\"is_correct\":\"correct\"}]', 55, 'failed', 40, '2025-08-07 04:58:20', NULL, '2025-08-07 04:58:20'),
(42, 19240, '{\"55\":{\"question_id\":\"55\",\"answer\":\"[\\\"Local control logic execution\\\",\\\"Interface for human operators\\\",\\\"Remote data acquisition\\\"]\",\"question_type\":\"Drag-Drop\"},\"56\":{\"question_id\":\"56\",\"answer\":\"\\\"Local control logic execution\\\",\\\"Interface for human operators\\\",\\\"Remote data acquisition\\\"\",\"question_type\":\"Free-Text\"}}', 35, '[{\"question_id\":55,\"is_correct\":\"false\"},{\"question_id\":56,\"is_correct\":\"false\"}]', 55, 'failed', 0, '2025-08-07 04:59:37', NULL, '2025-08-07 04:59:37'),
(43, 19240, '{\"55\":{\"question_id\":\"55\",\"answer\":\"[\\\"Local control logic execution\\\",\\\"Interface for human operators\\\",\\\"Remote data acquisition\\\"]\",\"question_type\":\"Drag-Drop\"},\"56\":{\"question_id\":\"56\",\"answer\":\"\\\"Local control logic execution\\\",\\\"Interface for human operators\\\",\\\"Remote data acquisition\\\"\",\"question_type\":\"Free-Text\"}}', 35, '[{\"question_id\":55,\"is_correct\":\"correct\"},{\"question_id\":56,\"is_correct\":\"false\"}]', 55, 'failed', 20, '2025-08-07 05:01:19', NULL, '2025-08-07 05:01:19'),
(44, 19240, '{\"52\":{\"question_id\":\"52\",\"answer\":\"[\\\"Supervisory Control And Data Acquisition\\\"]\",\"question_type\":\"Multiple Choice\"},\"53\":{\"question_id\":\"53\",\"answer\":\"[\\\"RTU\\\"]\",\"question_type\":\"Fill the Gap\"},\"54\":{\"question_id\":\"54\",\"answer\":\"[\\\"Field devices collect data\\\",\\\"RTUs send data to central server\\\",\\\"SCADA processes data\\\",\\\"Operators receive data on HMI\\\"]\",\"question_type\":\"Ordering\"},\"55\":{\"question_id\":\"55\",\"answer\":\"[\\\"Local control logic execution\\\",\\\"Interface for human operators\\\",\\\"Remote data acquisition\\\"]\",\"question_type\":\"Drag-Drop\"},\"56\":{\"question_id\":\"56\",\"answer\":\"Redundancy ensures system reliability and availability, preventing data loss or control failure during critical operations in hazardous environments.\",\"question_type\":\"Free-Text\"}}', 35, '[{\"question_id\":52,\"is_correct\":\"correct\"},{\"question_id\":53,\"is_correct\":\"correct\"},{\"question_id\":54,\"is_correct\":\"correct\"},{\"question_id\":55,\"is_correct\":\"correct\"},{\"question_id\":56,\"is_correct\":\"correct\"}]', 55, 'passed', 100, '2025-08-07 05:04:25', NULL, '2025-08-07 05:04:25'),
(45, 19240, '{\"52\":{\"question_id\":\"52\",\"answer\":\"[\\\"System Control And Direct Access\\\"]\",\"question_type\":\"Multiple Choice\"},\"53\":{\"question_id\":\"53\",\"answer\":\"[\\\"RTU\\\"]\",\"question_type\":\"Fill the Gap\"},\"54\":{\"question_id\":\"54\",\"answer\":\"[\\\"SCADA processes data\\\",\\\"Operators receive data on HMI\\\",\\\"Field devices collect data\\\",\\\"RTUs send data to central server\\\"]\",\"question_type\":\"Ordering\"},\"55\":{\"question_id\":\"55\",\"answer\":\"[\\\"Interface for human operators\\\",\\\"Remote data acquisition\\\",\\\"Local control logic execution\\\"]\",\"question_type\":\"Drag-Drop\"},\"56\":{\"question_id\":\"56\",\"answer\":\"g\",\"question_type\":\"Free-Text\"}}', 35, '[{\"question_id\":52,\"is_correct\":\"false\"},{\"question_id\":53,\"is_correct\":\"correct\"},{\"question_id\":54,\"is_correct\":\"false\"},{\"question_id\":55,\"is_correct\":\"false\"},{\"question_id\":56,\"is_correct\":\"false\"}]', 55, 'failed', 20, '2025-08-07 05:05:07', NULL, '2025-08-07 05:05:07'),
(46, 19241, '{\"57\":{\"question_id\":\"57\",\"answer\":\"[\\\"Supervisory Control And Data Acquisition\\\"]\",\"question_type\":\"Multiple Choice\"},\"58\":{\"question_id\":\"58\",\"answer\":\"[\\\"RTU\\\"]\",\"question_type\":\"Fill the Gap\"}}', 36, '[{\"question_id\":57,\"is_correct\":\"correct\"},{\"question_id\":58,\"is_correct\":\"correct\"}]', 61, 'failed', 40, '2025-08-07 07:22:19', NULL, '2025-08-07 07:22:19'),
(47, 19241, '{\"57\":{\"question_id\":\"57\",\"answer\":\"[\\\"Supervisory Control And Data Acquisition\\\"]\",\"question_type\":\"Multiple Choice\"},\"58\":{\"question_id\":\"58\",\"answer\":\"[\\\"RTU\\\"]\",\"question_type\":\"Fill the Gap\"},\"59\":{\"question_id\":\"59\",\"answer\":\"[\\\"Field devices collect data\\\",\\\"RTUs send data to central server\\\",\\\"SCADA processes data\\\",\\\"Operators receive data on HMI\\\"]\",\"question_type\":\"Ordering\"},\"60\":{\"question_id\":\"60\",\"answer\":\"[\\\"PLC=>Local control logic execution\\\",\\\"HMI=>Interface for human operators\\\",\\\"RTU=>Remote data acquisition\\\"]\",\"question_type\":\"Drag-Drop\"},\"61\":{\"question_id\":\"61\",\"answer\":\"Redundancy ensures system reliability and availability, preventing data loss or control failure during critical operations in hazardous environments.\",\"question_type\":\"Free-Text\"}}', 36, '[{\"question_id\":57,\"is_correct\":\"correct\"},{\"question_id\":58,\"is_correct\":\"correct\"},{\"question_id\":59,\"is_correct\":\"correct\"},{\"question_id\":60,\"is_correct\":\"false\"},{\"question_id\":61,\"is_correct\":\"correct\"}]', 61, 'passed', 80, '2025-08-07 07:28:26', NULL, '2025-08-07 07:28:26'),
(48, 19241, '{\"57\":{\"question_id\":\"57\",\"answer\":\"[\\\"Supervisory Control And Data Acquisition\\\"]\",\"question_type\":\"Multiple Choice\"},\"58\":{\"question_id\":\"58\",\"answer\":\"[\\\"RTU\\\"]\",\"question_type\":\"Fill the Gap\"},\"59\":{\"question_id\":\"59\",\"answer\":\"[\\\"Field devices collect data\\\",\\\"RTUs send data to central server\\\",\\\"SCADA processes data\\\",\\\"Operators receive data on HMI\\\"]\",\"question_type\":\"Ordering\"},\"60\":{\"question_id\":\"60\",\"answer\":\"[\\\"PLC=>Local control logic execution\\\",\\\"HMI=>Interface for human operators\\\",\\\"RTU=>Remote data acquisition\\\"]\",\"question_type\":\"Drag-Drop\"},\"61\":{\"question_id\":\"61\",\"answer\":\"Redundancy ensures system reliability and availability, preventing data loss or control failure during critical operations in hazardous environments.\",\"question_type\":\"Free-Text\"}}', 36, '[{\"question_id\":57,\"is_correct\":\"correct\"},{\"question_id\":58,\"is_correct\":\"correct\"},{\"question_id\":59,\"is_correct\":\"correct\"},{\"question_id\":60,\"is_correct\":\"false\"},{\"question_id\":61,\"is_correct\":\"correct\"}]', 61, 'passed', 80, '2025-08-07 07:29:36', NULL, '2025-08-07 07:29:36'),
(49, 19241, '{\"47\":{\"question_id\":\"47\",\"answer\":\"[\\\"Safety Helmet\\\"]\",\"question_type\":\"Multiple Choice\"},\"48\":{\"question_id\":\"48\",\"answer\":\"[\\\"Personal\\\"]\",\"question_type\":\"Fill the Gap\"},\"49\":{\"question_id\":\"49\",\"answer\":\"[\\\"Engineering Controls\\\",\\\"Elimination\\\",\\\"Substitution\\\",\\\"Administrative Controls\\\",\\\"PPE\\\"]\",\"question_type\":\"Ordering\"}}', 34, '[{\"question_id\":47,\"is_correct\":\"correct\"},{\"question_id\":48,\"is_correct\":\"correct\"},{\"question_id\":49,\"is_correct\":\"false\"}]', 47, 'failed', 67, '2025-08-07 07:33:38', NULL, '2025-08-07 07:33:38'),
(50, 19242, '{\"57\":{\"question_id\":\"57\",\"answer\":\"[\\\"Supervisory Control And Data Acquisition\\\"]\",\"question_type\":\"Multiple Choice\"},\"58\":{\"question_id\":\"58\",\"answer\":\"[\\\"RTU\\\"]\",\"question_type\":\"Fill the Gap\"},\"59\":{\"question_id\":\"59\",\"answer\":\"[\\\"Field devices collect data\\\",\\\"RTUs send data to central server\\\",\\\"SCADA processes data\\\",\\\"Operators receive data on HMI\\\"]\",\"question_type\":\"Ordering\"},\"60\":{\"question_id\":\"60\",\"answer\":\"[\\\"Local control logic execution\\\",\\\"Remote data acquisition\\\",\\\"Interface for human operators\\\"]\",\"question_type\":\"Drag-Drop\"},\"61\":{\"question_id\":\"61\",\"answer\":\"klkl\",\"question_type\":\"Free-Text\"}}', 36, '[{\"question_id\":57,\"is_correct\":\"correct\"},{\"question_id\":58,\"is_correct\":\"false\"},{\"question_id\":59,\"is_correct\":\"false\"},{\"question_id\":60,\"is_correct\":\"false\"},{\"question_id\":61,\"is_correct\":\"false\"}]', 63, 'failed', 20, '2025-08-07 08:00:53', NULL, '2025-08-07 08:00:53'),
(51, 19242, '{\"57\":{\"question_id\":\"57\",\"answer\":\"[\\\"Structured Control And Device Automation\\\"]\",\"question_type\":\"Multiple Choice\"},\"58\":{\"question_id\":\"58\",\"answer\":\"[\\\"RTU\\\"]\",\"question_type\":\"Fill the Gap\"},\"59\":{\"question_id\":\"59\",\"answer\":\"[\\\"Field devices collect data\\\",\\\"RTUs send data to central server\\\",\\\"SCADA processes data\\\",\\\"Operators receive data on HMI\\\"]\",\"question_type\":\"Ordering\"},\"60\":{\"question_id\":\"60\",\"answer\":\"[\\\"Local control logic execution\\\",\\\"Interface for human operators\\\",\\\"Remote data acquisition\\\"]\",\"question_type\":\"Drag-Drop\"},\"61\":{\"question_id\":\"61\",\"answer\":\"Redundancy ensures system reliability and availability, preventing data loss or control failure during critical operations in hazardous environments.\",\"question_type\":\"Free-Text\"}}', 36, '[{\"question_id\":57,\"is_correct\":\"false\"},{\"question_id\":58,\"is_correct\":\"correct\"},{\"question_id\":59,\"is_correct\":\"correct\"},{\"question_id\":60,\"is_correct\":\"false\"},{\"question_id\":61,\"is_correct\":\"correct\"}]', 63, 'failed', 60, '2025-08-07 08:11:27', NULL, '2025-08-07 08:11:27'),
(52, 19242, '{\"61\":{\"question_id\":\"61\",\"answer\":\"Redundancy ensures system reliability and availability, preventing data loss or control failure during critical operations in hazardous environments.\",\"question_type\":\"Free-Text\"}}', 36, '[{\"question_id\":61,\"is_correct\":\"correct\"}]', 63, 'failed', 20, '2025-08-07 08:12:29', NULL, '2025-08-07 08:12:29'),
(53, 19242, '{\"57\":{\"question_id\":\"57\",\"answer\":\"[\\\"Supervisory Control And Data Acquisition\\\"]\",\"question_type\":\"Multiple Choice\"},\"58\":{\"question_id\":\"58\",\"answer\":\"[\\\"RTU\\\"]\",\"question_type\":\"Fill the Gap\"},\"59\":{\"question_id\":\"59\",\"answer\":\"[\\\"Field devices collect data\\\",\\\"RTUs send data to central server\\\",\\\"SCADA processes data\\\",\\\"Operators receive data on HMI\\\"]\",\"question_type\":\"Ordering\"},\"60\":{\"question_id\":\"60\",\"answer\":\"[\\\"Local control logic execution\\\",\\\"Interface for human operators\\\",\\\"Remote data acquisition\\\"]\",\"question_type\":\"Drag-Drop\"},\"61\":{\"question_id\":\"61\",\"answer\":\"Redundancy ensures system reliability and availability, preventing data loss or control failure during critical operations in hazardous environments.\",\"question_type\":\"Free-Text\"}}', 36, '[{\"question_id\":57,\"is_correct\":\"correct\"},{\"question_id\":58,\"is_correct\":\"correct\"},{\"question_id\":59,\"is_correct\":\"correct\"},{\"question_id\":60,\"is_correct\":\"false\"},{\"question_id\":61,\"is_correct\":\"correct\"}]', 63, 'passed', 80, '2025-08-07 08:13:33', NULL, '2025-08-07 08:13:33'),
(54, 19242, '{\"57\":{\"question_id\":\"57\",\"answer\":\"[\\\"Supervisory Control And Data Automation\\\"]\",\"question_type\":\"Multiple Choice\"},\"58\":{\"question_id\":\"58\",\"answer\":\"[\\\"RTU\\\"]\",\"question_type\":\"Fill the Gap\"},\"59\":{\"question_id\":\"59\",\"answer\":\"[\\\"Operators receive data on HMI\\\",\\\"RTUs send data to central server\\\",\\\"SCADA processes data\\\",\\\"Field devices collect data\\\"]\",\"question_type\":\"Ordering\"},\"60\":{\"question_id\":\"60\",\"answer\":\"[\\\"Local control logic execution\\\",\\\"Interface for human operators\\\",\\\"Remote data acquisition\\\"]\",\"question_type\":\"Drag-Drop\"},\"61\":{\"question_id\":\"61\",\"answer\":\"hjfshdl\",\"question_type\":\"Free-Text\"}}', 36, '[{\"question_id\":57,\"is_correct\":\"false\"},{\"question_id\":58,\"is_correct\":\"correct\"},{\"question_id\":59,\"is_correct\":\"false\"},{\"question_id\":60,\"is_correct\":\"false\"},{\"question_id\":61,\"is_correct\":\"false\"}]', 64, 'failed', 20, '2025-08-07 08:22:04', NULL, '2025-08-07 08:22:04'),
(55, 19242, '{\"60\":{\"question_id\":\"60\",\"answer\":\"[\\\"Local control logic execution\\\",\\\"Interface for human operators\\\",\\\"Remote data acquisition\\\"]\",\"question_type\":\"Drag-Drop\"},\"61\":{\"question_id\":\"61\",\"answer\":\"jk\",\"question_type\":\"Free-Text\"}}', 36, '[{\"question_id\":60,\"is_correct\":\"false\"},{\"question_id\":61,\"is_correct\":\"false\"}]', 64, 'failed', 0, '2025-08-07 08:25:39', NULL, '2025-08-07 08:25:39'),
(56, 19242, '{\"57\":{\"question_id\":\"57\",\"answer\":\"[\\\"Supervisory Control And Data Acquisition\\\"]\",\"question_type\":\"Multiple Choice\"},\"58\":{\"question_id\":\"58\",\"answer\":\"[\\\"RTU\\\"]\",\"question_type\":\"Fill the Gap\"},\"59\":{\"question_id\":\"59\",\"answer\":\"[\\\"Field devices collect data\\\",\\\"RTUs send data to central server\\\",\\\"SCADA processes data\\\",\\\"Operators receive data on HMI\\\"]\",\"question_type\":\"Ordering\"},\"60\":{\"question_id\":\"60\",\"answer\":\"[\\\"Local control logic execution\\\",\\\"Interface for human operators\\\",\\\"Remote data acquisition\\\"]\",\"question_type\":\"Drag-Drop\"},\"61\":{\"question_id\":\"61\",\"answer\":\"Redundancy ensures system reliability and availability, preventing data loss or control failure during critical operations in hazardous environments.\",\"question_type\":\"Free-Text\"}}', 36, '[{\"question_id\":57,\"is_correct\":\"correct\"},{\"question_id\":58,\"is_correct\":\"correct\"},{\"question_id\":59,\"is_correct\":\"correct\"},{\"question_id\":60,\"is_correct\":\"false\"},{\"question_id\":61,\"is_correct\":\"correct\"}]', 65, 'failed', 80, '2025-08-07 08:30:12', NULL, '2025-08-07 08:30:12'),
(57, 19242, '{\"60\":{\"question_id\":\"60\",\"answer\":\"[\\\"Local control logic execution\\\",\\\"Interface for human operators\\\",\\\"Remote data acquisition\\\"]\",\"question_type\":\"Drag-Drop\"},\"61\":{\"question_id\":\"61\",\"answer\":\"q\",\"question_type\":\"Free-Text\"}}', 36, '[{\"question_id\":60,\"is_correct\":\"correct\"},{\"question_id\":61,\"is_correct\":\"false\"}]', 65, 'failed', 20, '2025-08-07 08:36:34', NULL, '2025-08-07 08:36:34'),
(58, 19242, '{\"57\":{\"question_id\":\"57\",\"answer\":\"[\\\"Supervisory Control And Data Acquisition\\\"]\",\"question_type\":\"Multiple Choice\"},\"58\":{\"question_id\":\"58\",\"answer\":\"[\\\"RTU\\\"]\",\"question_type\":\"Fill the Gap\"},\"59\":{\"question_id\":\"59\",\"answer\":\"[\\\"Field devices collect data\\\",\\\"RTUs send data to central server\\\",\\\"SCADA processes data\\\",\\\"Operators receive data on HMI\\\"]\",\"question_type\":\"Ordering\"},\"60\":{\"question_id\":\"60\",\"answer\":\"[\\\"Local control logic execution\\\",\\\"Interface for human operators\\\",\\\"Remote data acquisition\\\"]\",\"question_type\":\"Drag-Drop\"},\"61\":{\"question_id\":\"61\",\"answer\":\"Redundancy ensures system reliability and availability, preventing data loss or control failure during critical operations in hazardous environments.\",\"question_type\":\"Free-Text\"}}', 36, '[{\"question_id\":57,\"is_correct\":\"correct\"},{\"question_id\":58,\"is_correct\":\"correct\"},{\"question_id\":59,\"is_correct\":\"correct\"},{\"question_id\":60,\"is_correct\":\"correct\"},{\"question_id\":61,\"is_correct\":\"correct\"}]', 65, 'passed', 100, '2025-08-07 08:37:50', NULL, '2025-08-07 08:37:50'),
(59, 19242, '{\"57\":{\"question_id\":\"57\",\"answer\":\"[\\\"Supervisory Control And Data Acquisition\\\"]\",\"question_type\":\"Multiple Choice\"},\"58\":{\"question_id\":\"58\",\"answer\":\"[\\\"RTU\\\"]\",\"question_type\":\"Fill the Gap\"},\"59\":{\"question_id\":\"59\",\"answer\":\"[\\\"Field devices collect data\\\",\\\"RTUs send data to central server\\\",\\\"SCADA processes data\\\",\\\"Operators receive data on HMI\\\"]\",\"question_type\":\"Ordering\"},\"60\":{\"question_id\":\"60\",\"answer\":\"[\\\"Local control logic execution\\\",\\\"Interface for human operators\\\",\\\"Remote data acquisition\\\"]\",\"question_type\":\"Drag-Drop\"},\"61\":{\"question_id\":\"61\",\"answer\":\"Redundancy ensures system reliability and availability, preventing data loss or control failure during critical operations in hazardous environments.\",\"question_type\":\"Free-Text\"}}', 36, '[{\"question_id\":57,\"is_correct\":\"correct\"},{\"question_id\":58,\"is_correct\":\"false\"},{\"question_id\":59,\"is_correct\":\"false\"},{\"question_id\":60,\"is_correct\":\"false\"},{\"question_id\":61,\"is_correct\":\"false\"}]', 69, 'failed', 20, '2025-08-07 09:24:01', NULL, '2025-08-07 09:24:01'),
(60, 19242, '{\"57\":{\"question_id\":\"57\",\"answer\":\"[\\\"Supervisory Control And Data Acquisition\\\"]\",\"question_type\":\"Multiple Choice\"},\"58\":{\"question_id\":\"58\",\"answer\":\"[\\\"RTU\\\"]\",\"question_type\":\"Fill the Gap\"},\"59\":{\"question_id\":\"59\",\"answer\":\"[\\\"Field devices collect data\\\",\\\"RTUs send data to central server\\\",\\\"SCADA processes data\\\",\\\"Operators receive data on HMI\\\"]\",\"question_type\":\"Ordering\"},\"60\":{\"question_id\":\"60\",\"answer\":\"[\\\"Local control logic execution\\\",\\\"Interface for human operators\\\",\\\"Remote data acquisition\\\"]\",\"question_type\":\"Drag-Drop\"},\"61\":{\"question_id\":\"61\",\"answer\":\"Redundancy ensures system reliability and availability, preventing data loss or control failure during critical operations in hazardous environments.\",\"question_type\":\"Free-Text\"}}', 36, '[{\"question_id\":57,\"is_correct\":\"correct\"},{\"question_id\":58,\"is_correct\":\"false\"},{\"question_id\":59,\"is_correct\":\"false\"},{\"question_id\":60,\"is_correct\":\"false\"},{\"question_id\":61,\"is_correct\":\"false\"}]', 70, 'failed', 20, '2025-08-07 09:26:53', NULL, '2025-08-07 09:26:53'),
(61, 19242, '{\"57\":{\"question_id\":\"57\",\"answer\":\"[\\\"Supervisory Control And Data Acquisition\\\"]\",\"question_type\":\"Multiple Choice\"},\"58\":{\"question_id\":\"58\",\"answer\":\"[\\\"RTU\\\"]\",\"question_type\":\"Fill the Gap\"},\"59\":{\"question_id\":\"59\",\"answer\":\"[\\\"Field devices collect data\\\",\\\"RTUs send data to central server\\\",\\\"SCADA processes data\\\",\\\"Operators receive data on HMI\\\"]\",\"question_type\":\"Ordering\"},\"60\":{\"question_id\":\"60\",\"answer\":\"[\\\"Local control logic execution\\\",\\\"Interface for human operators\\\",\\\"Remote data acquisition\\\"]\",\"question_type\":\"Drag-Drop\"},\"61\":{\"question_id\":\"61\",\"answer\":\"Redundancy ensures system reliability and availability, preventing data loss or control failure during critical operations in hazardous environments.\",\"question_type\":\"Free-Text\"}}', 36, '[{\"question_id\":57,\"is_correct\":\"correct\"},{\"question_id\":58,\"is_correct\":\"correct\"},{\"question_id\":59,\"is_correct\":\"correct\"},{\"question_id\":60,\"is_correct\":\"correct\"},{\"question_id\":61,\"is_correct\":\"false\"}]', 70, 'failed', 80, '2025-08-07 09:35:26', NULL, '2025-08-07 09:35:26'),
(62, 19242, '{\"57\":{\"question_id\":\"57\",\"answer\":\"[\\\"Supervisory Control And Data Acquisition\\\"]\",\"question_type\":\"Multiple Choice\"},\"58\":{\"question_id\":\"58\",\"answer\":\"[\\\"RTU\\\"]\",\"question_type\":\"Fill the Gap\"},\"59\":{\"question_id\":\"59\",\"answer\":\"[\\\"Field devices collect data\\\",\\\"RTUs send data to central server\\\",\\\"SCADA processes data\\\",\\\"Operators receive data on HMI\\\"]\",\"question_type\":\"Ordering\"},\"60\":{\"question_id\":\"60\",\"answer\":\"[\\\"Local control logic execution\\\",\\\"Interface for human operators\\\",\\\"Remote data acquisition\\\"]\",\"question_type\":\"Drag-Drop\"},\"61\":{\"question_id\":\"61\",\"answer\":\"Redundancy ensures system reliability and availability, preventing data loss or control failure during critical operations in hazardous environments.\",\"question_type\":\"Free-Text\"}}', 36, '[{\"question_id\":57,\"is_correct\":\"correct\"},{\"question_id\":58,\"is_correct\":\"correct\"},{\"question_id\":59,\"is_correct\":\"correct\"},{\"question_id\":60,\"is_correct\":\"correct\"},{\"question_id\":61,\"is_correct\":\"false\"}]', 70, 'failed', 80, '2025-08-07 09:42:29', NULL, '2025-08-07 09:42:29'),
(63, 19242, '{\"57\":{\"question_id\":\"57\",\"answer\":\"[\\\"Supervisory Control And Data Acquisition\\\"]\",\"question_type\":\"Multiple Choice\"},\"61\":{\"question_id\":\"61\",\"answer\":\"Redundancy ensures system reliability and availability, preventing data loss or control failure during critical operations in hazardous environments.\",\"question_type\":\"Free-Text\"}}', 36, '[{\"question_id\":57,\"is_correct\":\"correct\"},{\"question_id\":61,\"is_correct\":\"false\"}]', 72, 'passed', 100, '2025-08-07 09:47:55', NULL, '2025-08-07 09:47:55'),
(64, 19243, '{\"62\":{\"question_id\":\"62\",\"answer\":\"[\\\"Blood Urea Nitrogen (BUN)\\\"]\",\"question_type\":\"Multiple Choice\"},\"63\":{\"question_id\":\"63\",\"answer\":\"[\\\"80\\\"]\",\"question_type\":\"Fill the Gap\"},\"64\":{\"question_id\":\"64\",\"answer\":\"[\\\"Identify patient\\\",\\\"Apply tourniquet\\\",\\\"Insert needle\\\",\\\"Collect sample in tube\\\"]\",\"question_type\":\"Ordering\"}}', 37, '[{\"question_id\":62,\"is_correct\":\"correct\"},{\"question_id\":63,\"is_correct\":\"correct\"},{\"question_id\":64,\"is_correct\":\"correct\"}]', 75, 'passed', 100, '2025-08-07 10:13:09', NULL, '2025-08-07 10:13:09'),
(65, 19243, '{\"62\":{\"question_id\":\"62\",\"answer\":\"[\\\"Blood Urea Nitrogen (BUN)\\\"]\",\"question_type\":\"Multiple Choice\"},\"63\":{\"question_id\":\"63\",\"answer\":\"[\\\"80\\\"]\",\"question_type\":\"Fill the Gap\"},\"64\":{\"question_id\":\"64\",\"answer\":\"[\\\"Identify patient\\\",\\\"Apply tourniquet\\\",\\\"Insert needle\\\",\\\"Collect sample in tube\\\"]\",\"question_type\":\"Ordering\"},\"65\":{\"question_id\":\"65\",\"answer\":\"[\\\"Blood cell counts\\\",\\\"Liver enzyme levels\\\"]\",\"question_type\":\"Drag-Drop\"},\"66\":{\"question_id\":\"66\",\"answer\":\"Fasting helps prevent food from affecting the levels of glucose, lipids, and other substances, ensuring more accurate test results.\",\"question_type\":\"Free-Text\"}}', 37, '[{\"question_id\":62,\"is_correct\":\"correct\"},{\"question_id\":63,\"is_correct\":\"correct\"},{\"question_id\":64,\"is_correct\":\"correct\"},{\"question_id\":65,\"is_correct\":\"correct\"},{\"question_id\":66,\"is_correct\":\"correct\"}]', 81, 'passed', 100, '2025-08-07 12:09:37', NULL, '2025-08-07 12:09:37'),
(66, 19253, '{\"62\":{\"question_id\":\"62\",\"answer\":\"[\\\"White Blood Cell count\\\"]\",\"question_type\":\"Multiple Choice\"},\"63\":{\"question_id\":\"63\",\"answer\":\"[\\\"80\\\"]\",\"question_type\":\"Fill the Gap\"},\"64\":{\"question_id\":\"64\",\"answer\":\"[\\\"Collect sample in tube\\\",\\\"Identify patient\\\",\\\"Apply tourniquet\\\",\\\"Insert needle\\\"]\",\"question_type\":\"Ordering\"}}', 37, '[{\"question_id\":62,\"is_correct\":\"false\"},{\"question_id\":63,\"is_correct\":\"correct\"},{\"question_id\":64,\"is_correct\":\"correct\"}]', 75, 'failed', 67, '2025-10-22 22:53:42', NULL, '2025-10-22 22:53:42'),
(67, 19253, '{\"62\":{\"question_id\":\"62\",\"answer\":\"[\\\"Blood Urea Nitrogen (BUN)\\\"]\",\"question_type\":\"Multiple Choice\"},\"63\":{\"question_id\":\"63\",\"answer\":\"[\\\"\\\"]\",\"question_type\":\"Fill the Gap\"},\"64\":{\"question_id\":\"64\",\"answer\":\"[\\\"Collect sample in tube\\\",\\\"Apply tourniquet\\\",\\\"Insert needle\\\",\\\"Identify patient\\\"]\",\"question_type\":\"Ordering\"}}', 37, '[{\"question_id\":62,\"is_correct\":\"correct\"},{\"question_id\":63,\"is_correct\":\"false\"},{\"question_id\":64,\"is_correct\":\"correct\"}]', 75, 'failed', 67, '2025-10-22 22:54:15', NULL, '2025-10-22 22:54:15'),
(68, 19253, '{\"62\":{\"question_id\":\"62\",\"answer\":\"[\\\"White Blood Cell count\\\"]\",\"question_type\":\"Multiple Choice\"},\"63\":{\"question_id\":\"63\",\"answer\":\"[\\\"\\\"]\",\"question_type\":\"Fill the Gap\"},\"64\":{\"question_id\":\"64\",\"answer\":\"[\\\"Collect sample in tube\\\",\\\"Identify patient\\\",\\\"Apply tourniquet\\\",\\\"Insert needle\\\"]\",\"question_type\":\"Ordering\"}}', 37, '[{\"question_id\":62,\"is_correct\":\"false\"},{\"question_id\":63,\"is_correct\":\"false\"},{\"question_id\":64,\"is_correct\":\"correct\"}]', 75, 'failed', 33, '2025-10-22 22:54:44', NULL, '2025-10-22 22:54:44'),
(69, 19253, '{\"62\":{\"question_id\":\"62\",\"answer\":\"[\\\"Blood Urea Nitrogen (BUN)\\\"]\",\"question_type\":\"Multiple Choice\"},\"63\":{\"question_id\":\"63\",\"answer\":\"[\\\"80\\\"]\",\"question_type\":\"Fill the Gap\"},\"64\":{\"question_id\":\"64\",\"answer\":\"[\\\"Insert needle\\\",\\\"Apply tourniquet\\\",\\\"Identify patient\\\",\\\"Collect sample in tube\\\"]\",\"question_type\":\"Ordering\"},\"65\":{\"question_id\":\"65\",\"answer\":\"[\\\"Liver enzyme levels\\\",\\\"Blood cell counts\\\"]\",\"question_type\":\"Drag-Drop\"},\"66\":{\"question_id\":\"66\",\"answer\":\"Why is fasting required before some blood tests?\",\"question_type\":\"Free-Text\"}}', 37, '[{\"question_id\":62,\"is_correct\":\"correct\"},{\"question_id\":63,\"is_correct\":\"correct\"},{\"question_id\":64,\"is_correct\":\"correct\"},{\"question_id\":65,\"is_correct\":\"correct\"},{\"question_id\":66,\"is_correct\":\"false\"}]', 81, 'passed', 80, '2025-10-28 05:06:53', NULL, '2025-10-28 05:06:53'),
(70, 19253, '{\"65\":{\"question_id\":\"65\",\"answer\":\"[\\\"Liver enzyme levels\\\",\\\"Blood cell counts\\\"]\",\"question_type\":\"Drag-Drop\"},\"66\":{\"question_id\":\"66\",\"answer\":\"i dont know\",\"question_type\":\"Free-Text\"},\"74\":{\"question_id\":\"74\",\"answer\":\"[\\\"Adrenaline\\\"]\",\"question_type\":\"Multiple Choice\"},\"630\":{\"question_id\":\"630\",\"answer\":\"[\\\"Vitamin K\\\"]\",\"question_type\":\"Multiple Choice\"},\"670\":{\"question_id\":\"670\",\"answer\":\"[\\\"60\\u2013100 bpm\\\"]\",\"question_type\":\"Multiple Choice\"}}', 37, '[{\"question_id\":65,\"is_correct\":\"correct\"},{\"question_id\":66,\"is_correct\":\"false\"},{\"question_id\":74,\"is_correct\":\"false\"},{\"question_id\":630,\"is_correct\":\"correct\"},{\"question_id\":670,\"is_correct\":\"correct\"}]', 89, 'passed', 60, '2025-11-09 19:33:38', NULL, '2025-11-09 19:33:38'),
(71, 19253, '{\"670\":{\"question_id\":\"670\",\"answer\":\"[\\\"60\\u2013100 bpm\\\"]\",\"question_type\":\"Multiple Choice\"},\"710\":{\"question_id\":\"710\",\"answer\":\"[\\\"Cerebellum\\\"]\",\"question_type\":\"Multiple Choice\"}}', 37, '[{\"question_id\":670,\"is_correct\":\"correct\"},{\"question_id\":710,\"is_correct\":\"correct\"}]', 90, 'passed', 100, '2025-11-09 19:35:14', NULL, '2025-11-09 19:35:14'),
(72, 19253, '{\"66\":{\"question_id\":\"66\",\"answer\":\"I dont know\",\"question_type\":\"Free-Text\"}}', 37, '[{\"question_id\":66,\"is_correct\":\"false\"}]', 91, 'failed', 0, '2025-11-09 19:37:16', NULL, '2025-11-09 19:37:16'),
(78, 19253, '{\"66\":{\"question_id\":\"66\",\"answer\":\"Required words: glucose (2 pts), lipids (8 pts) | Total needed: 8 points\",\"question_type\":\"Free-Text\"}}', 37, '[{\"question_id\":66,\"is_correct\":\"correct\"}]', 92, 'passed', 100, '2025-11-10 00:21:09', NULL, '2025-11-10 00:21:09'),
(77, 19253, '{\"66\":{\"question_id\":\"66\",\"answer\":\"Why is fasting required before some blood tests?\",\"question_type\":\"Free-Text\"}}', 37, '[{\"question_id\":66,\"is_correct\":\"false\"}]', 92, 'failed', 0, '2025-11-10 00:20:52', NULL, '2025-11-10 00:20:52'),
(87, 19253, '{\"66\":{\"question_id\":\"66\",\"answer\":\"Why is fasting required before some blood tests?\",\"question_type\":\"Free-Text\"}}', 37, '[{\"question_id\":66,\"is_correct\":\"false\"}]', 101, 'failed', 0, '2025-11-13 19:52:40', NULL, '2025-11-13 19:52:40'),
(85, 19253, '{\"66\":{\"question_id\":\"66\",\"answer\":\"asnm\",\"question_type\":\"Free-Text\"}}', 37, '[{\"question_id\":66,\"is_correct\":\"false\"}]', 93, 'failed', 0, '2025-11-13 00:28:42', NULL, '2025-11-13 00:28:42'),
(86, 19253, '{\"66\":{\"question_id\":\"66\",\"answer\":\"sdfghgsdt\",\"question_type\":\"Free-Text\"}}', 37, '[{\"question_id\":66,\"is_correct\":\"false\"}]', 93, 'failed', 0, '2025-11-13 00:29:03', NULL, '2025-11-13 00:29:03'),
(81, 19253, '{\"66\":{\"question_id\":\"66\",\"answer\":\"Lorem Ipsum is simply dummy text of the printing and typesetting industry. Lorem Ipsum has been the industry\'s standard dummy text ever since the 1500s, when an unknown printer took a galley of type and scrambled it to make a type specimen book. It has survived not only five centuries, but also the leap into electronic typesetting, remaining essentially unchanged. It was popularised in the 1960s with the release of Letraset sheets containing Lorem Ipsum passages, and more recently with desktop publishing software like Aldus PageMaker including versions of Lorem Ipsum.\",\"question_type\":\"Free-Text\"}}', 37, '[{\"question_id\":66,\"is_correct\":\"false\"}]', 94, 'failed', 0, '2025-11-12 20:59:00', NULL, '2025-11-12 20:59:00');
INSERT INTO `test_logs` (`id`, `employee_id`, `employee_answer`, `course_id`, `question_status`, `content_id`, `status`, `marks`, `created_at`, `question_id`, `updated_at`) VALUES
(83, 19253, '{\"66\":{\"question_id\":\"66\",\"answer\":\"Lorem Ipsum is simply dummy text of the printing and typesetting industry. Lorem Ipsum has been the industry\'s standard dummy text ever since the 1500s, when an unknown printer took a galley of type and scrambled it to make a type specimen book. It has survived not only five centuries, but also the leap into electronic typesetting, remaining essentially unchanged. It was popularised in the 1960s with the release of Letraset sheets containing Lorem Ipsum passages, and more recently with desktop publishing software like Aldus PageMaker including versions of Lorem Ipsum.\",\"question_type\":\"Free-Text\"}}', 37, '[{\"question_id\":66,\"is_correct\":\"false\"}]', 94, 'failed', 0, '2025-11-12 21:05:24', NULL, '2025-11-12 21:05:24'),
(84, 19253, '{\"66\":{\"question_id\":\"66\",\"answer\":\"Lorem Ipsum is simply dummy text of the printing and typesetting industry. Lorem Ipsum has been the industry\'s standard dummy text ever since the 1500s, when an unknown printer took a galley of type and scrambled it to make a type specimen book. It has survived not only five centuries, but also the leap into electronic typesetting, remaining essentially unchanged. It was popularised in the 1960s with the release of Letraset sheets containing Lorem Ipsum passages, and more recently with desktop publishing software like Aldus PageMaker including versions of Lorem Ipsum.\",\"question_type\":\"Free-Text\"}}', 37, '[{\"question_id\":66,\"is_correct\":\"false\"}]', 94, 'failed', 0, '2025-11-12 21:05:50', NULL, '2025-11-12 21:05:50'),
(88, 19253, '{\"66\":{\"question_id\":\"66\",\"answer\":\"Required words: glucose (2 pts), lipids (8 pts) | Total needed: 8 points\",\"question_type\":\"Free-Text\"}}', 37, '[{\"question_id\":66,\"is_correct\":\"correct\"}]', 101, 'passed', 100, '2025-11-13 19:53:02', NULL, '2025-11-13 19:53:02'),
(89, 19253, '{\"74\":{\"question_id\":\"74\",\"answer\":\"[\\\"Adrenaline\\\"]\",\"question_type\":\"Multiple Choice\"}}', 37, '[{\"question_id\":74,\"is_correct\":\"false\"}]', 103, 'failed', 0, '2025-11-13 20:09:06', NULL, '2025-11-13 20:09:06'),
(90, 19253, '{\"74\":{\"question_id\":\"74\",\"answer\":\"[\\\"Insulin\\\"]\",\"question_type\":\"Multiple Choice\"}}', 37, '[{\"question_id\":74,\"is_correct\":\"correct\"}]', 103, 'passed', 100, '2025-11-13 20:09:22', NULL, '2025-11-13 20:09:22'),
(91, 19253, '{\"74\":{\"question_id\":\"74\",\"answer\":\"[\\\"Thyroxine\\\"]\",\"question_type\":\"Multiple Choice\"}}', 37, '[{\"question_id\":74,\"is_correct\":\"false\"}]', 104, 'failed', 0, '2025-11-13 20:12:38', NULL, '2025-11-13 20:12:38'),
(92, 19253, '{\"74\":{\"question_id\":\"74\",\"answer\":\"[\\\"Thyroxine\\\"]\",\"question_type\":\"Multiple Choice\"}}', 37, '[{\"question_id\":74,\"is_correct\":\"false\"}]', 104, 'failed', 0, '2025-11-13 20:12:54', NULL, '2025-11-13 20:12:54'),
(93, 19249, '{\"63\":{\"question_id\":\"63\",\"answer\":\"[\\\"80\\\"]\",\"question_type\":\"Fill the Gap\"},\"65\":{\"question_id\":\"65\",\"answer\":\"[\\\"Blood cell counts\\\",\\\"Liver enzyme levels\\\"]\",\"question_type\":\"Drag-Drop\"},\"66\":{\"question_id\":\"66\",\"answer\":\"Why is fasting required before some blood tests?\",\"question_type\":\"Free-Text\"},\"74\":{\"question_id\":\"74\",\"answer\":\"[\\\"Insulin\\\"]\",\"question_type\":\"Multiple Choice\"},\"75\":{\"question_id\":\"75\",\"answer\":\"[\\\"Coronary artery\\\"]\",\"question_type\":\"Multiple Choice\"},\"630\":{\"question_id\":\"630\",\"answer\":\"[\\\"Vitamin K\\\"]\",\"question_type\":\"Multiple Choice\"},\"640\":{\"question_id\":\"640\",\"answer\":\"[\\\"Transport oxygen\\\"]\",\"question_type\":\"Multiple Choice\"},\"650\":{\"question_id\":\"650\",\"answer\":\"[\\\"Pancreas\\\"]\",\"question_type\":\"Multiple Choice\"},\"680\":{\"question_id\":\"680\",\"answer\":\"[\\\"Glucose\\\"]\",\"question_type\":\"Multiple Choice\"},\"690\":{\"question_id\":\"690\",\"answer\":\"[\\\"B lymphocytes\\\"]\",\"question_type\":\"Multiple Choice\"},\"730\":{\"question_id\":\"730\",\"answer\":\"[\\\"Iron\\\"]\",\"question_type\":\"Multiple Choice\"},\"790\":{\"question_id\":\"790\",\"answer\":\"[\\\"Hinge joint\\\"]\",\"question_type\":\"Multiple Choice\"},\"801\":{\"question_id\":\"801\",\"answer\":\"[\\\"36.5\\u201337.5\\u00b0C\\\"]\",\"question_type\":\"Multiple Choice\"},\"803\":{\"question_id\":\"803\",\"answer\":\"[\\\"Retina\\\"]\",\"question_type\":\"Multiple Choice\"},\"6690\":{\"question_id\":\"6690\",\"answer\":\"[\\\"O negative\\\"]\",\"question_type\":\"Multiple Choice\"}}', 37, '[{\"question_id\":63,\"is_correct\":\"correct\"},{\"question_id\":65,\"is_correct\":\"correct\"},{\"question_id\":66,\"is_correct\":\"false\"},{\"question_id\":74,\"is_correct\":\"correct\"},{\"question_id\":75,\"is_correct\":\"correct\"},{\"question_id\":630,\"is_correct\":\"correct\"},{\"question_id\":640,\"is_correct\":\"correct\"},{\"question_id\":650,\"is_correct\":\"correct\"},{\"question_id\":680,\"is_correct\":\"false\"},{\"question_id\":690,\"is_correct\":\"correct\"},{\"question_id\":730,\"is_correct\":\"correct\"},{\"question_id\":790,\"is_correct\":\"false\"},{\"question_id\":801,\"is_correct\":\"correct\"},{\"question_id\":803,\"is_correct\":\"false\"},{\"question_id\":6690,\"is_correct\":\"correct\"}]', 108, 'failed', 42, '2025-12-11 05:38:54', NULL, '2025-12-11 05:38:54'),
(94, 19235, '{\"62\":{\"question_id\":\"62\",\"answer\":\"[\\\"Blood Urea Nitrogen (BUN)\\\"]\",\"question_type\":\"Multiple Choice\"},\"65\":{\"question_id\":\"65\",\"answer\":\"[\\\"Blood cell counts\\\",\\\"Liver enzyme levels\\\"]\",\"question_type\":\"Drag-Drop\"},\"630\":{\"question_id\":\"630\",\"answer\":\"[\\\"Vitamin K\\\"]\",\"question_type\":\"Multiple Choice\"},\"640\":{\"question_id\":\"640\",\"answer\":\"[\\\"Transport oxygen\\\"]\",\"question_type\":\"Multiple Choice\"},\"730\":{\"question_id\":\"730\",\"answer\":\"[\\\"Calcium\\\"]\",\"question_type\":\"Multiple Choice\"},\"760\":{\"question_id\":\"760\",\"answer\":\"[\\\"Loop of Henle\\\"]\",\"question_type\":\"Multiple Choice\"},\"780\":{\"question_id\":\"780\",\"answer\":\"[\\\"Low heart rate\\\"]\",\"question_type\":\"Multiple Choice\"},\"790\":{\"question_id\":\"790\",\"answer\":\"[\\\"Ball and socket\\\"]\",\"question_type\":\"Multiple Choice\"},\"800\":{\"question_id\":\"800\",\"answer\":\"[\\\"Pulmonary artery\\\"]\",\"question_type\":\"Multiple Choice\"},\"801\":{\"question_id\":\"801\",\"answer\":\"[\\\"36.5\\u201337.5\\u00b0C\\\"]\",\"question_type\":\"Multiple Choice\"}}', 37, '[{\"question_id\":62,\"is_correct\":\"correct\"},{\"question_id\":65,\"is_correct\":\"correct\"},{\"question_id\":630,\"is_correct\":\"correct\"},{\"question_id\":640,\"is_correct\":\"correct\"},{\"question_id\":730,\"is_correct\":\"false\"},{\"question_id\":760,\"is_correct\":\"false\"},{\"question_id\":780,\"is_correct\":\"false\"},{\"question_id\":790,\"is_correct\":\"correct\"},{\"question_id\":800,\"is_correct\":\"false\"},{\"question_id\":801,\"is_correct\":\"correct\"}]', 110, 'failed', 23, '2025-12-11 22:20:03', NULL, '2025-12-11 22:20:03'),
(95, 19249, '{\"62\":{\"question_id\":\"62\",\"answer\":\"[\\\"White Blood Cell count\\\"]\",\"question_type\":\"Multiple Choice\"},\"64\":{\"question_id\":\"64\",\"answer\":\"[\\\"Collect sample in tube\\\",\\\"Insert needle\\\",\\\"Apply tourniquet\\\",\\\"Identify patient\\\"]\",\"question_type\":\"Ordering\"},\"66\":{\"question_id\":\"66\",\"answer\":\"Why is fasting required before some blood tests?\",\"question_type\":\"Free-Text\"},\"640\":{\"question_id\":\"640\",\"answer\":\"[\\\"Produce ant0ibodies\\\"]\",\"question_type\":\"Multiple Choice\"},\"720\":{\"question_id\":\"720\",\"answer\":\"[\\\"Bilirubin\\\"]\",\"question_type\":\"Multiple Choice\"},\"760\":{\"question_id\":\"760\",\"answer\":\"[\\\"Glomerulus\\\"]\",\"question_type\":\"Multiple Choice\"},\"780\":{\"question_id\":\"780\",\"answer\":\"[\\\"Frequent urination\\\"]\",\"question_type\":\"Multiple Choice\"},\"800\":{\"question_id\":\"800\",\"answer\":\"[\\\"Pulmonary vein\\\"]\",\"question_type\":\"Multiple Choice\"},\"802\":{\"question_id\":\"802\",\"answer\":\"[\\\"Tendons\\\"]\",\"question_type\":\"Multiple Choice\"},\"6690\":{\"question_id\":\"6690\",\"answer\":\"[\\\"AB positive\\\"]\",\"question_type\":\"Multiple Choice\"}}', 37, '[{\"question_id\":62,\"is_correct\":\"false\"},{\"question_id\":64,\"is_correct\":\"correct\"},{\"question_id\":66,\"is_correct\":\"false\"},{\"question_id\":640,\"is_correct\":\"false\"},{\"question_id\":720,\"is_correct\":\"false\"},{\"question_id\":760,\"is_correct\":\"correct\"},{\"question_id\":780,\"is_correct\":\"correct\"},{\"question_id\":800,\"is_correct\":\"correct\"},{\"question_id\":802,\"is_correct\":\"correct\"},{\"question_id\":6690,\"is_correct\":\"false\"}]', 110, 'failed', 19, '2025-12-11 22:20:10', NULL, '2025-12-11 22:20:10'),
(96, 19235, '{\"62\":{\"question_id\":\"62\",\"answer\":\"[\\\"White Blood Cell count\\\"]\",\"question_type\":\"Multiple Choice\"},\"64\":{\"question_id\":\"64\",\"answer\":\"[\\\"Apply tourniquet\\\",\\\"Collect sample in tube\\\",\\\"Identify patient\\\",\\\"Insert needle\\\"]\",\"question_type\":\"Ordering\"},\"74\":{\"question_id\":\"74\",\"answer\":\"[\\\"Insulin\\\"]\",\"question_type\":\"Multiple Choice\"},\"75\":{\"question_id\":\"75\",\"answer\":\"[\\\"Pulmonary artery\\\"]\",\"question_type\":\"Multiple Choice\"},\"630\":{\"question_id\":\"630\",\"answer\":\"[\\\"Vitamin D\\\"]\",\"question_type\":\"Multiple Choice\"},\"640\":{\"question_id\":\"640\",\"answer\":\"[\\\"Transport oxygen\\\"]\",\"question_type\":\"Multiple Choice\"},\"650\":{\"question_id\":\"650\",\"answer\":\"[\\\"Pancreas\\\"]\",\"question_type\":\"Multiple Choice\"},\"670\":{\"question_id\":\"670\",\"answer\":\"[\\\"60\\u2013100 bpm\\\"]\",\"question_type\":\"Multiple Choice\"},\"680\":{\"question_id\":\"680\",\"answer\":\"[\\\"Glucose\\\"]\",\"question_type\":\"Multiple Choice\"},\"690\":{\"question_id\":\"690\",\"answer\":\"[\\\"T lymphocytes\\\"]\",\"question_type\":\"Multiple Choice\"},\"700\":{\"question_id\":\"700\",\"answer\":\"[\\\"Oxygen transport\\\"]\",\"question_type\":\"Multiple Choice\"},\"720\":{\"question_id\":\"720\",\"answer\":\"[\\\"Creatinine\\\"]\",\"question_type\":\"Multiple Choice\"},\"730\":{\"question_id\":\"730\",\"answer\":\"[\\\"Iron\\\"]\",\"question_type\":\"Multiple Choice\"},\"760\":{\"question_id\":\"760\",\"answer\":\"[\\\"Glomerulus\\\"]\",\"question_type\":\"Multiple Choice\"},\"770\":{\"question_id\":\"770\",\"answer\":\"[\\\"Vitamin A\\\"]\",\"question_type\":\"Multiple Choice\"},\"780\":{\"question_id\":\"780\",\"answer\":\"[\\\"Low heart rate\\\"]\",\"question_type\":\"Multiple Choice\"},\"790\":{\"question_id\":\"790\",\"answer\":\"[\\\"Ball and socket\\\"]\",\"question_type\":\"Multiple Choice\"},\"800\":{\"question_id\":\"800\",\"answer\":\"[\\\"Pulmonary artery\\\"]\",\"question_type\":\"Multiple Choice\"},\"803\":{\"question_id\":\"803\",\"answer\":\"[\\\"Iris\\\"]\",\"question_type\":\"Multiple Choice\"},\"6690\":{\"question_id\":\"6690\",\"answer\":\"[\\\"O negative\\\"]\",\"question_type\":\"Multiple Choice\"}}', 37, '[{\"question_id\":62,\"is_correct\":\"false\"},{\"question_id\":64,\"is_correct\":\"correct\"},{\"question_id\":74,\"is_correct\":\"correct\"},{\"question_id\":75,\"is_correct\":\"false\"},{\"question_id\":630,\"is_correct\":\"false\"},{\"question_id\":640,\"is_correct\":\"correct\"},{\"question_id\":650,\"is_correct\":\"correct\"},{\"question_id\":670,\"is_correct\":\"correct\"},{\"question_id\":680,\"is_correct\":\"false\"},{\"question_id\":690,\"is_correct\":\"false\"},{\"question_id\":700,\"is_correct\":\"false\"},{\"question_id\":720,\"is_correct\":\"correct\"},{\"question_id\":730,\"is_correct\":\"correct\"},{\"question_id\":760,\"is_correct\":\"correct\"},{\"question_id\":770,\"is_correct\":\"false\"},{\"question_id\":780,\"is_correct\":\"false\"},{\"question_id\":790,\"is_correct\":\"correct\"},{\"question_id\":800,\"is_correct\":\"false\"},{\"question_id\":803,\"is_correct\":\"correct\"},{\"question_id\":6690,\"is_correct\":\"correct\"}]', 111, 'passed', 42, '2025-12-12 02:59:21', NULL, '2025-12-12 02:59:21'),
(97, 19249, '{\"62\":{\"question_id\":\"62\",\"answer\":\"[\\\"White Blood Cell count\\\"]\",\"question_type\":\"Multiple Choice\"},\"64\":{\"question_id\":\"64\",\"answer\":\"[\\\"Apply tourniquet\\\",\\\"Insert needle\\\",\\\"Identify patient\\\",\\\"Collect sample in tube\\\"]\",\"question_type\":\"Ordering\"},\"66\":{\"question_id\":\"66\",\"answer\":\"Why is fasting required before some blood tests?\",\"question_type\":\"Free-Text\"},\"74\":{\"question_id\":\"74\",\"answer\":\"[\\\"Insulin\\\"]\",\"question_type\":\"Multiple Choice\"},\"75\":{\"question_id\":\"75\",\"answer\":\"[\\\"Coronary artery\\\"]\",\"question_type\":\"Multiple Choice\"},\"760\":{\"question_id\":\"760\",\"answer\":\"[\\\"Glomerulus\\\"]\",\"question_type\":\"Multiple Choice\"},\"780\":{\"question_id\":\"780\",\"answer\":\"[\\\"Frequent urination\\\"]\",\"question_type\":\"Multiple Choice\"},\"801\":{\"question_id\":\"801\",\"answer\":\"[\\\"36.5\\u201337.5\\u00b0C\\\"]\",\"question_type\":\"Multiple Choice\"},\"802\":{\"question_id\":\"802\",\"answer\":\"[\\\"Tendons\\\"]\",\"question_type\":\"Multiple Choice\"},\"803\":{\"question_id\":\"803\",\"answer\":\"[\\\"Iris\\\"]\",\"question_type\":\"Multiple Choice\"}}', 37, '[{\"question_id\":62,\"is_correct\":\"false\"},{\"question_id\":64,\"is_correct\":\"correct\"},{\"question_id\":66,\"is_correct\":\"false\"},{\"question_id\":74,\"is_correct\":\"correct\"},{\"question_id\":75,\"is_correct\":\"correct\"},{\"question_id\":760,\"is_correct\":\"correct\"},{\"question_id\":780,\"is_correct\":\"correct\"},{\"question_id\":801,\"is_correct\":\"correct\"},{\"question_id\":802,\"is_correct\":\"correct\"},{\"question_id\":803,\"is_correct\":\"correct\"}]', 110, 'failed', 31, '2025-12-16 02:40:32', NULL, '2025-12-16 02:40:32'),
(98, 19235, '{\"62\":{\"question_id\":\"62\",\"answer\":\"[\\\"White Blood Cell count\\\"]\",\"question_type\":\"Multiple Choice\"},\"63\":{\"question_id\":\"63\",\"answer\":\"[\\\"80\\\"]\",\"question_type\":\"Fill the Gap\"},\"64\":{\"question_id\":\"64\",\"answer\":\"[\\\"Collect sample in tube\\\",\\\"Apply tourniquet\\\",\\\"Identify patient\\\",\\\"Insert needle\\\"]\",\"question_type\":\"Ordering\"},\"75\":{\"question_id\":\"75\",\"answer\":\"[\\\"Coronary artery\\\"]\",\"question_type\":\"Multiple Choice\"},\"670\":{\"question_id\":\"670\",\"answer\":\"[\\\"60\\u2013100 bpm\\\"]\",\"question_type\":\"Multiple Choice\"},\"680\":{\"question_id\":\"680\",\"answer\":\"[\\\"Albumin\\\"]\",\"question_type\":\"Multiple Choice\"},\"710\":{\"question_id\":\"710\",\"answer\":\"[\\\"Cerebellum\\\"]\",\"question_type\":\"Multiple Choice\"},\"730\":{\"question_id\":\"730\",\"answer\":\"[\\\"Iron\\\"]\",\"question_type\":\"Multiple Choice\"},\"800\":{\"question_id\":\"800\",\"answer\":\"[\\\"Pulmonary vein\\\"]\",\"question_type\":\"Multiple Choice\"},\"801\":{\"question_id\":\"801\",\"answer\":\"[\\\"36.5\\u201337.5\\u00b0C\\\"]\",\"question_type\":\"Multiple Choice\"}}', 37, '[{\"question_id\":62,\"is_correct\":\"false\"},{\"question_id\":63,\"is_correct\":\"correct\"},{\"question_id\":64,\"is_correct\":\"correct\"},{\"question_id\":75,\"is_correct\":\"correct\"},{\"question_id\":670,\"is_correct\":\"correct\"},{\"question_id\":680,\"is_correct\":\"correct\"},{\"question_id\":710,\"is_correct\":\"correct\"},{\"question_id\":730,\"is_correct\":\"correct\"},{\"question_id\":800,\"is_correct\":\"correct\"},{\"question_id\":801,\"is_correct\":\"correct\"}]', 110, 'failed', 35, '2025-12-16 02:40:36', NULL, '2025-12-16 02:40:36'),
(99, 700812349, '{\"6707\":{\"question_id\":\"6707\",\"answer\":\"[\\\"Illegal\\\"]\",\"question_type\":\"Multiple Choice\"},\"6708\":{\"question_id\":\"6708\",\"answer\":\"[\\\"Mandatory instruction\\\"]\",\"question_type\":\"Multiple Choice\"},\"6710\":{\"question_id\":\"6710\",\"answer\":\"[\\\"Stop immediately\\\"]\",\"question_type\":\"Multiple Choice\"},\"6722\":{\"question_id\":\"6722\",\"answer\":\"[\\\"Fine or punishment\\\"]\",\"question_type\":\"Multiple Choice\"},\"6734\":{\"question_id\":\"6734\",\"answer\":\"[\\\"Traffic in one direction only\\\"]\",\"question_type\":\"Multiple Choice\"}}', 41, '[{\"question_id\":6707,\"is_correct\":\"correct\"},{\"question_id\":6708,\"is_correct\":\"correct\"},{\"question_id\":6710,\"is_correct\":\"correct\"},{\"question_id\":6722,\"is_correct\":\"correct\"},{\"question_id\":6734,\"is_correct\":\"correct\"}]', 113, 'failed', 11, '2025-12-17 01:51:09', NULL, '2025-12-17 01:51:09'),
(110, 19253, '{\"1\":{\"question_id\":\"1\",\"answer\":\"[\\\"three\\\"]\",\"question_type\":\"Multiple Choice\"},\"4\":{\"question_id\":\"4\",\"answer\":\"[\\\"4\\\"]\",\"question_type\":\"Multiple Choice\"},\"5\":{\"question_id\":\"5\",\"answer\":\"[\\\"3\\\"]\",\"question_type\":\"Multiple Choice\"},\"6\":{\"question_id\":\"6\",\"answer\":\"[\\\"6\\\"]\",\"question_type\":\"Multiple Choice\"},\"7\":{\"question_id\":\"7\",\"answer\":\"[\\\"7\\\"]\",\"question_type\":\"Multiple Choice\"}}', 1, '[{\"question_id\":1,\"is_correct\":\"false\"},{\"question_id\":4,\"is_correct\":\"correct\"},{\"question_id\":5,\"is_correct\":\"false\"},{\"question_id\":6,\"is_correct\":\"correct\"},{\"question_id\":7,\"is_correct\":\"correct\"}]', 116, 'failed', 60, '2025-12-18 03:04:30', NULL, '2025-12-18 03:04:30'),
(109, 19253, '{\"1\":{\"question_id\":\"1\",\"answer\":\"[\\\"one\\\"]\",\"question_type\":\"Multiple Choice\"},\"4\":{\"question_id\":\"4\",\"answer\":\"[\\\"3\\\"]\",\"question_type\":\"Multiple Choice\"},\"5\":{\"question_id\":\"5\",\"answer\":\"[\\\"5\\\"]\",\"question_type\":\"Multiple Choice\"},\"6\":{\"question_id\":\"6\",\"answer\":\"[\\\"1\\\"]\",\"question_type\":\"Multiple Choice\"},\"7\":{\"question_id\":\"7\",\"answer\":\"[\\\"7\\\"]\",\"question_type\":\"Multiple Choice\"}}', 1, '[{\"question_id\":1,\"is_correct\":\"correct\"},{\"question_id\":4,\"is_correct\":\"false\"},{\"question_id\":5,\"is_correct\":\"correct\"},{\"question_id\":6,\"is_correct\":\"false\"},{\"question_id\":7,\"is_correct\":\"correct\"}]', 116, 'failed', 60, '2025-12-18 03:04:01', NULL, '2025-12-18 03:04:01'),
(104, 700812349, '{\"1\":{\"question_id\":\"1\",\"answer\":\"[\\\"one\\\"]\",\"question_type\":\"Multiple Choice\"},\"2\":{\"question_id\":\"2\",\"answer\":\"[\\\"2\\\"]\",\"question_type\":\"Multiple Choice\"},\"3\":{\"question_id\":\"3\",\"answer\":\"[\\\"3\\\"]\",\"question_type\":\"Multiple Choice\"},\"5\":{\"question_id\":\"5\",\"answer\":\"[\\\"5\\\"]\",\"question_type\":\"Multiple Choice\"},\"7\":{\"question_id\":\"7\",\"answer\":\"[\\\"7\\\"]\",\"question_type\":\"Multiple Choice\"}}', 1, '[{\"question_id\":1,\"is_correct\":\"correct\"},{\"question_id\":2,\"is_correct\":\"correct\"},{\"question_id\":3,\"is_correct\":\"correct\"},{\"question_id\":5,\"is_correct\":\"correct\"},{\"question_id\":7,\"is_correct\":\"correct\"}]', 119, 'failed', 80, '2025-12-17 04:00:03', NULL, '2025-12-17 04:00:03'),
(105, 700812349, '{\"1\":{\"question_id\":\"1\",\"answer\":\"[\\\"one\\\"]\",\"question_type\":\"Multiple Choice\"},\"4\":{\"question_id\":\"4\",\"answer\":\"[\\\"4\\\"]\",\"question_type\":\"Multiple Choice\"},\"5\":{\"question_id\":\"5\",\"answer\":\"[\\\"5\\\"]\",\"question_type\":\"Multiple Choice\"},\"6\":{\"question_id\":\"6\",\"answer\":\"[\\\"6\\\"]\",\"question_type\":\"Multiple Choice\"},\"7\":{\"question_id\":\"7\",\"answer\":\"[\\\"7\\\"]\",\"question_type\":\"Multiple Choice\"}}', 1, '[{\"question_id\":1,\"is_correct\":\"correct\"},{\"question_id\":4,\"is_correct\":\"correct\"},{\"question_id\":5,\"is_correct\":\"correct\"},{\"question_id\":6,\"is_correct\":\"correct\"},{\"question_id\":7,\"is_correct\":\"correct\"}]', 120, 'passed', 100, '2025-12-17 04:10:11', NULL, '2025-12-17 04:10:11'),
(106, 700812349, '{\"1\":{\"question_id\":\"1\",\"answer\":\"[\\\"three\\\"]\",\"question_type\":\"Multiple Choice\"},\"2\":{\"question_id\":\"2\",\"answer\":\"[\\\"4\\\"]\",\"question_type\":\"Multiple Choice\"},\"3\":{\"question_id\":\"3\",\"answer\":\"[\\\"3\\\"]\",\"question_type\":\"Multiple Choice\"},\"4\":{\"question_id\":\"4\",\"answer\":\"[\\\"4\\\"]\",\"question_type\":\"Multiple Choice\"},\"6\":{\"question_id\":\"6\",\"answer\":\"[\\\"4\\\"]\",\"question_type\":\"Multiple Choice\"}}', 1, '[{\"question_id\":1,\"is_correct\":\"false\"},{\"question_id\":2,\"is_correct\":\"false\"},{\"question_id\":3,\"is_correct\":\"correct\"},{\"question_id\":4,\"is_correct\":\"correct\"},{\"question_id\":6,\"is_correct\":\"false\"}]', 121, 'failed', 40, '2025-12-17 04:11:27', NULL, '2025-12-17 04:11:27'),
(111, 19253, '{\"1\":{\"question_id\":\"1\",\"answer\":\"[\\\"four\\\"]\",\"question_type\":\"Multiple Choice\"},\"4\":{\"question_id\":\"4\",\"answer\":\"[\\\"3\\\"]\",\"question_type\":\"Multiple Choice\"},\"5\":{\"question_id\":\"5\",\"answer\":\"[\\\"3\\\"]\",\"question_type\":\"Multiple Choice\"},\"6\":{\"question_id\":\"6\",\"answer\":\"[\\\"7\\\"]\",\"question_type\":\"Multiple Choice\"},\"7\":{\"question_id\":\"7\",\"answer\":\"[\\\"1\\\"]\",\"question_type\":\"Multiple Choice\"}}', 1, '[{\"question_id\":1,\"is_correct\":\"false\"},{\"question_id\":4,\"is_correct\":\"false\"},{\"question_id\":5,\"is_correct\":\"false\"},{\"question_id\":6,\"is_correct\":\"false\"},{\"question_id\":7,\"is_correct\":\"false\"}]', 116, 'failed', 0, '2025-12-18 03:04:58', NULL, '2025-12-18 03:04:58'),
(112, 19253, '{\"1\":{\"question_id\":\"1\",\"answer\":\"[\\\"two\\\"]\",\"question_type\":\"Multiple Choice\"},\"2\":{\"question_id\":\"2\",\"answer\":\"[\\\"3\\\"]\",\"question_type\":\"Multiple Choice\"},\"4\":{\"question_id\":\"4\",\"answer\":\"[\\\"3\\\"]\",\"question_type\":\"Multiple Choice\"},\"5\":{\"question_id\":\"5\",\"answer\":\"[\\\"2\\\"]\",\"question_type\":\"Multiple Choice\"},\"7\":{\"question_id\":\"7\",\"answer\":\"[\\\"3\\\"]\",\"question_type\":\"Multiple Choice\"}}', 1, '[{\"question_id\":1,\"is_correct\":\"false\"},{\"question_id\":2,\"is_correct\":\"false\"},{\"question_id\":4,\"is_correct\":\"false\"},{\"question_id\":5,\"is_correct\":\"false\"},{\"question_id\":7,\"is_correct\":\"false\"}]', 118, 'failed', 0, '2025-12-18 03:16:07', NULL, '2025-12-18 03:16:07'),
(113, 19253, '{\"1\":{\"question_id\":\"1\",\"answer\":\"[\\\"one\\\"]\",\"question_type\":\"Multiple Choice\"},\"2\":{\"question_id\":\"2\",\"answer\":\"[\\\"2\\\"]\",\"question_type\":\"Multiple Choice\"},\"4\":{\"question_id\":\"4\",\"answer\":\"[\\\"2\\\"]\",\"question_type\":\"Multiple Choice\"},\"5\":{\"question_id\":\"5\",\"answer\":\"[\\\"1\\\"]\",\"question_type\":\"Multiple Choice\"},\"7\":{\"question_id\":\"7\",\"answer\":\"[\\\"1\\\"]\",\"question_type\":\"Multiple Choice\"}}', 1, '[{\"question_id\":1,\"is_correct\":\"correct\"},{\"question_id\":2,\"is_correct\":\"correct\"},{\"question_id\":4,\"is_correct\":\"false\"},{\"question_id\":5,\"is_correct\":\"false\"},{\"question_id\":7,\"is_correct\":\"false\"}]', 118, 'failed', 40, '2025-12-18 03:17:09', NULL, '2025-12-18 03:17:09'),
(114, 19253, '{\"1\":{\"question_id\":\"1\",\"answer\":\"[\\\"two\\\"]\",\"question_type\":\"Multiple Choice\"},\"2\":{\"question_id\":\"2\",\"answer\":\"[\\\"3\\\"]\",\"question_type\":\"Multiple Choice\"},\"4\":{\"question_id\":\"4\",\"answer\":\"[\\\"2\\\"]\",\"question_type\":\"Multiple Choice\"},\"5\":{\"question_id\":\"5\",\"answer\":\"[\\\"2\\\"]\",\"question_type\":\"Multiple Choice\"},\"7\":{\"question_id\":\"7\",\"answer\":\"[\\\"8\\\"]\",\"question_type\":\"Multiple Choice\"}}', 1, '[{\"question_id\":1,\"is_correct\":\"false\"},{\"question_id\":2,\"is_correct\":\"false\"},{\"question_id\":4,\"is_correct\":\"false\"},{\"question_id\":5,\"is_correct\":\"false\"},{\"question_id\":7,\"is_correct\":\"false\"}]', 118, 'failed', 0, '2025-12-18 03:20:56', NULL, '2025-12-18 03:20:56'),
(115, 19253, '{\"2\":{\"question_id\":\"2\",\"answer\":\"[\\\"2\\\"]\",\"question_type\":\"Multiple Choice\"},\"4\":{\"question_id\":\"4\",\"answer\":\"[\\\"4\\\"]\",\"question_type\":\"Multiple Choice\"},\"5\":{\"question_id\":\"5\",\"answer\":\"[\\\"5\\\"]\",\"question_type\":\"Multiple Choice\"},\"6\":{\"question_id\":\"6\",\"answer\":\"[\\\"6\\\"]\",\"question_type\":\"Multiple Choice\"},\"7\":{\"question_id\":\"7\",\"answer\":\"[\\\"7\\\"]\",\"question_type\":\"Multiple Choice\"}}', 1, '[{\"question_id\":2,\"is_correct\":\"correct\"},{\"question_id\":4,\"is_correct\":\"correct\"},{\"question_id\":5,\"is_correct\":\"correct\"},{\"question_id\":6,\"is_correct\":\"correct\"},{\"question_id\":7,\"is_correct\":\"correct\"}]', 122, 'passed', 100, '2025-12-18 04:11:05', NULL, '2025-12-18 04:11:05'),
(116, 19253, '{\"2\":{\"question_id\":\"2\",\"answer\":\"[\\\"2\\\"]\",\"question_type\":\"Multiple Choice\"},\"3\":{\"question_id\":\"3\",\"answer\":\"[\\\"1\\\"]\",\"question_type\":\"Multiple Choice\"},\"4\":{\"question_id\":\"4\",\"answer\":\"[\\\"4\\\"]\",\"question_type\":\"Multiple Choice\"},\"5\":{\"question_id\":\"5\",\"answer\":\"[\\\"1\\\"]\",\"question_type\":\"Multiple Choice\"},\"6\":{\"question_id\":\"6\",\"answer\":\"[\\\"6\\\"]\",\"question_type\":\"Multiple Choice\"}}', 1, '[{\"question_id\":2,\"is_correct\":\"correct\"},{\"question_id\":3,\"is_correct\":\"false\"},{\"question_id\":4,\"is_correct\":\"correct\"},{\"question_id\":5,\"is_correct\":\"false\"},{\"question_id\":6,\"is_correct\":\"correct\"}]', 123, 'passed', 60, '2025-12-18 04:25:02', NULL, '2025-12-18 04:25:02');

-- --------------------------------------------------------

--
-- Table structure for table `users`
--

DROP TABLE IF EXISTS `users`;
CREATE TABLE IF NOT EXISTS `users` (
  `id` int NOT NULL AUTO_INCREMENT,
  `cvb_id` varchar(250) CHARACTER SET latin1 COLLATE latin1_swedish_ci DEFAULT NULL,
  `name` varchar(255) CHARACTER SET latin1 COLLATE latin1_swedish_ci DEFAULT NULL,
  `first_name` varchar(255) CHARACTER SET latin1 COLLATE latin1_swedish_ci DEFAULT NULL,
  `middle_name` varchar(255) CHARACTER SET latin1 COLLATE latin1_swedish_ci DEFAULT NULL,
  `last_name` varchar(255) CHARACTER SET latin1 COLLATE latin1_swedish_ci DEFAULT NULL,
  `email` varchar(255) CHARACTER SET latin1 COLLATE latin1_swedish_ci DEFAULT NULL,
  `username` varchar(255) DEFAULT NULL,
  `mobile_no` text CHARACTER SET latin1 COLLATE latin1_swedish_ci,
  `work` text CHARACTER SET latin1 COLLATE latin1_swedish_ci,
  `job_title` text CHARACTER SET latin1 COLLATE latin1_swedish_ci,
  `profile_pic` text CHARACTER SET latin1 COLLATE latin1_swedish_ci,
  `company_site` varchar(255) DEFAULT NULL,
  `verification_status` text COMMENT '0=not verified, 1=email verified, 2=password generated',
  `email_verified_at` timestamp NULL DEFAULT NULL,
  `password` text CHARACTER SET latin1 COLLATE latin1_swedish_ci,
  `group_id` text,
  `role_id` int DEFAULT NULL,
  `global_role_id` text,
  `is_marked_global` tinyint DEFAULT NULL,
  `sub_role_id` text,
  `company_id` text COMMENT 'Client company',
  `country_code` varchar(255) CHARACTER SET utf8mb4 COLLATE utf8mb4_unicode_ci DEFAULT NULL,
  `supplier_id` text COMMENT 'Contractor company',
  `multiple_contractor_company` text,
  `multiple_site_location` text,
  `contract_id` text,
  `remember_token` varchar(100) DEFAULT NULL,
  `complete_profile_reminder` varchar(100) DEFAULT NULL,
  `send_email_later` varchar(100) DEFAULT NULL,
  `user_online` int DEFAULT NULL,
  `employee_reference` int NOT NULL DEFAULT '0',
  `active_status` text,
  `avatar` text,
  `dark_mode` text,
  `messenger_color` text,
  `created_at` timestamp NULL DEFAULT NULL,
  `updated_at` timestamp NULL DEFAULT NULL,
  `third_party_agent_type` text,
  `third_party_agent_name` text,
  `status` tinyint NOT NULL DEFAULT '1',
  `employee_avalabilty` tinyint DEFAULT NULL,
  `invite_colloborator` text,
  `evr_status` varchar(250) NOT NULL DEFAULT 'noevr' COMMENT 'not generated=noevr pending=pending approved=approved reject=reject expired=expired',
  `failed_attempts` int NOT NULL DEFAULT '0',
  `blocked_at` timestamp NULL DEFAULT NULL,
  `User_Status` text,
  `User_Roles` text,
  `account_type` text,
  `fcm_token` text,
  PRIMARY KEY (`id`),
  KEY `Name` (`name`)
) ENGINE=MyISAM AUTO_INCREMENT=700812350 DEFAULT CHARSET=latin1;

--
-- Dumping data for table `users`
--

INSERT INTO `users` (`id`, `cvb_id`, `name`, `first_name`, `middle_name`, `last_name`, `email`, `username`, `mobile_no`, `work`, `job_title`, `profile_pic`, `company_site`, `verification_status`, `email_verified_at`, `password`, `group_id`, `role_id`, `global_role_id`, `is_marked_global`, `sub_role_id`, `company_id`, `country_code`, `supplier_id`, `multiple_contractor_company`, `multiple_site_location`, `contract_id`, `remember_token`, `complete_profile_reminder`, `send_email_later`, `user_online`, `employee_reference`, `active_status`, `avatar`, `dark_mode`, `messenger_color`, `created_at`, `updated_at`, `third_party_agent_type`, `third_party_agent_name`, `status`, `employee_avalabilty`, `invite_colloborator`, `evr_status`, `failed_attempts`, `blocked_at`, `User_Status`, `User_Roles`, `account_type`, `fcm_token`) VALUES
(18267, NULL, 'CVB Administrator', 'CVB', NULL, 'Administrator', 'siteassured@gmail.com', NULL, NULL, NULL, 'Admin', NULL, NULL, '2', NULL, '$2y$10$/MkIycHclcKoYhMgHskFE.tpby6Y7Xp/4OIPLkjyd7n9mtgvTt93G', NULL, 1, NULL, NULL, NULL, '2', NULL, NULL, NULL, NULL, NULL, NULL, NULL, NULL, 1, 0, '0', NULL, NULL, NULL, '2025-04-18 21:17:39', '2025-12-18 20:22:09', NULL, NULL, 1, NULL, NULL, 'noevr', 0, NULL, 'active', 'Administrator', 'administrator', NULL),
(19230, 'CVB-', 'Karthik Deshwal', 'Karthik', NULL, 'Deshwal', 'karthikdeshwal011@gmail.com', NULL, '+1 1111111111', NULL, 'Programmer', 'https://workforceuploads.s3.us-east-2.amazonaws.com/profile_pictures/ieX6KEKB03Vaf3cy5h5AxLUO9qLNLYy9q59b5j9D.jpg', NULL, '1', NULL, '$2y$12$Obo.7FID2az3UFvWnaYiJuEiERPTOyqQpJT/PeASHSGURsx8VFqYi', NULL, 16, '[\"16\"]', NULL, NULL, '2', 'United States', NULL, NULL, NULL, NULL, NULL, NULL, NULL, 0, 0, NULL, NULL, NULL, NULL, '2025-07-21 23:22:16', '2025-07-23 19:52:06', NULL, NULL, 1, NULL, NULL, 'noevr', 0, NULL, NULL, NULL, NULL, NULL),
(19231, 'CVB-', 'Anubhav Panwar', 'Anubhav', NULL, 'Panwar', 'anubhavpanwar66@gmail.com', NULL, '+1 1111111111', NULL, 'Programmer', 'https://workforceuploads.s3.us-east-2.amazonaws.com/profile_pictures/6Buoo5qJOr1kIv60NRLYNsdVvkFsVyVsg7USewJB.jpg', NULL, '2', '2025-07-21 23:30:08', '$2y$10$/MkIycHclcKoYhMgHskFE.tpby6Y7Xp/4OIPLkjyd7n9mtgvTt93G', NULL, 227, '[\"227\"]', NULL, NULL, NULL, 'United States', '1', NULL, NULL, NULL, NULL, NULL, NULL, 0, 0, NULL, NULL, NULL, NULL, '2025-07-21 23:24:27', '2025-10-16 00:31:39', NULL, NULL, 1, NULL, NULL, 'noevr', 0, NULL, NULL, NULL, NULL, NULL),
(19232, 'CVB-', 'HSE Verifier', 'HSE', NULL, 'Verifier', 'anubhavpanwar777@gmail.com', NULL, '+1 1111111111', NULL, 'Programmer', 'https://workforceuploads.s3.us-east-2.amazonaws.com/profile_pictures/0o7iXXklrqV4GJn0np8Wx6hJVbTIuIYvOkS7V5za.jpg', NULL, '2', NULL, '$2y$12$R3vf0d3A2oxUO1m8LoHUKO2I8fgKUxFrZPW1/4nPOdZBfzp7cXBs6', NULL, 236, '[\"5\",\"236\"]', 1, '[\"1\"]', '2', 'United States', NULL, NULL, NULL, NULL, NULL, NULL, NULL, 0, 0, NULL, NULL, NULL, NULL, '2025-07-21 23:31:50', '2025-08-06 01:56:35', NULL, NULL, 1, NULL, NULL, 'noevr', 0, NULL, NULL, NULL, NULL, NULL),
(19233, 'CVB-', 'Medical Verifier', 'Medical', NULL, 'Verifier', 'visheshpanwar0711@gmail.com', NULL, '+1 1111111111', NULL, 'Programmer', 'https://workforceuploads.s3.us-east-2.amazonaws.com/profile_pictures/GB2GPjXkRpC8P90500mXkbwDxWacfRUCMEDY86Wj.jpg', NULL, '2', NULL, '$2y$12$R3vf0d3A2oxUO1m8LoHUKO2I8fgKUxFrZPW1/4nPOdZBfzp7cXBs6', NULL, 5, '[\"5\"]', NULL, '[\"3\"]', '2', 'United States', NULL, NULL, NULL, NULL, NULL, NULL, NULL, NULL, 0, NULL, NULL, NULL, NULL, '2025-07-21 23:33:04', '2025-07-21 23:33:04', NULL, NULL, 1, NULL, NULL, 'noevr', 0, NULL, NULL, NULL, NULL, NULL),
(19234, 'CVB-', 'Technical Verifier', 'Technical', NULL, 'Verifier', 'priyanshpanwar58@gmail.com', NULL, '+1 1111111111', NULL, 'Programmer', 'https://workforceuploads.s3.us-east-2.amazonaws.com/profile_pictures/c7S63CUBdeZdP2ZgHYJR0ANFo228tjkWdZ1WPniM.jpg', NULL, '2', NULL, '$2y$12$R3vf0d3A2oxUO1m8LoHUKO2I8fgKUxFrZPW1/4nPOdZBfzp7cXBs6', NULL, 5, '[\"5\"]', NULL, '[\"2\"]', '2', 'United States', NULL, NULL, NULL, NULL, NULL, NULL, NULL, NULL, 0, NULL, NULL, NULL, NULL, '2025-07-21 23:33:56', '2025-07-21 23:33:56', NULL, NULL, 1, NULL, NULL, 'noevr', 0, NULL, NULL, NULL, NULL, NULL),
(19235, 'CVB-19235', 'Tayyab Ansari', 'Tayyab', NULL, 'Ansari', 'karthikdeshwal0711@gmail.com', NULL, '+18683102036', NULL, 'Programmer', 'https://workforceuploads.s3.us-east-2.amazonaws.com/profile_pictures/nhICv1WVW633zPg1xGIANyfetlrDByM9MIvkTBye.jpg', NULL, '2', NULL, '$2y$10$/MkIycHclcKoYhMgHskFE.tpby6Y7Xp/4OIPLkjyd7n9mtgvTt93G', NULL, 3, NULL, NULL, NULL, NULL, 'United States', '1', NULL, NULL, '19231', NULL, NULL, NULL, 1, 0, NULL, NULL, NULL, NULL, '2025-07-22 00:06:37', '2025-12-11 22:16:45', NULL, NULL, 1, NULL, NULL, 'pending', 0, NULL, NULL, NULL, NULL, NULL),
(19236, NULL, NULL, NULL, NULL, NULL, NULL, NULL, NULL, NULL, NULL, NULL, NULL, NULL, NULL, NULL, NULL, NULL, NULL, NULL, NULL, NULL, NULL, NULL, NULL, NULL, NULL, NULL, NULL, NULL, NULL, 0, NULL, NULL, NULL, NULL, '2025-07-22 00:12:23', '2025-07-22 00:12:23', NULL, NULL, 1, NULL, NULL, 'noevr', 0, NULL, NULL, NULL, NULL, NULL),
(19237, 'CVB-19237', 'Vishesh Panwar', 'Vishesh', NULL, 'Panwar', 'freelance.by.anubhav@gmail.com', NULL, '+1 1111111111', NULL, '1111111', 'https://workforceuploads.s3.us-east-2.amazonaws.com/profile_pictures/bQLaezZzZnAMTgpoY2KEfvsqBMFHzYuAORgeilfl.png', NULL, '2', NULL, '$2y$10$/MkIycHclcKoYhMgHskFE.tpby6Y7Xp/4OIPLkjyd7n9mtgvTt93G', NULL, 3, NULL, NULL, NULL, NULL, 'United States', '1', NULL, NULL, '19231', NULL, NULL, NULL, 0, 0, NULL, NULL, NULL, NULL, '2025-07-24 20:38:45', '2025-10-15 23:54:10', NULL, NULL, 1, NULL, NULL, 'pending', 0, NULL, NULL, NULL, NULL, NULL),
(19244, 'CVB-', 'Technical Verifier 2', 'Technical', NULL, 'Verifier', 'priyanshpanwar90@gmail.com', NULL, '+1 1111111111', NULL, 'Programmer', 'https://workforceuploads.s3.us-east-2.amazonaws.com/profile_pictures/c7S63CUBdeZdP2ZgHYJR0ANFo228tjkWdZ1WPniM.jpg', NULL, '2', NULL, '$2y$12$R3vf0d3A2oxUO1m8LoHUKO2I8fgKUxFrZPW1/4nPOdZBfzp7cXBs6', NULL, 5, '[\"5\"]', NULL, '[\"2\"]', '2', 'United States', NULL, NULL, NULL, NULL, NULL, NULL, NULL, NULL, 0, NULL, NULL, NULL, NULL, '2025-07-21 23:33:56', '2025-07-21 23:33:56', NULL, NULL, 1, NULL, NULL, 'noevr', 0, NULL, NULL, NULL, NULL, NULL),
(19238, 'CVB-19238', 'Anubhav Panwar', 'Anubhav', NULL, 'Panwar', 'anubhavpanwar90909@gmail.com', NULL, '+1 1234444444', NULL, 'Qwerty', 'https://workforceuploads.s3.us-east-2.amazonaws.com/profile_pictures/n7UzxRPkeLphu9h8NP7aDAms1qmaU8SGzu4pXNE7.png', NULL, '2', NULL, NULL, NULL, 3, NULL, NULL, NULL, NULL, 'United States', '1', NULL, NULL, '19231', NULL, NULL, NULL, NULL, 0, NULL, NULL, NULL, NULL, '2025-07-29 22:31:50', '2025-08-26 21:11:43', NULL, NULL, 1, NULL, NULL, 'pending', 0, NULL, NULL, NULL, NULL, NULL),
(19245, 'CVB-19243', 'Visheh Panwar', 'vishesh', NULL, 'Panwar', 'priyanshvpppaa@gmail.com', NULL, '+1 1111111111', NULL, 'Employee', 'https://workforceuploads.s3.us-east-2.amazonaws.com/profile_pictures/fcm7EJJUyVfKJ7gCgZzTAfPSjeTEFCSuY8UlcjB9.jpg', NULL, '2', NULL, '$2y$12$Rd43LgMeDnDd0k/7b9Pby.KAzxOEuoUt.PXVOnVV4ZlfULdaZXNHq', NULL, 3, NULL, NULL, NULL, NULL, 'United States', '1', NULL, NULL, '19231', NULL, NULL, NULL, 1, 0, NULL, NULL, NULL, NULL, '2025-08-07 06:53:54', '2025-10-30 00:11:29', NULL, NULL, 1, NULL, NULL, 'pending', 0, NULL, NULL, NULL, NULL, NULL),
(19243, 'CVB-19243', 'Priyansh Panwar', 'Priyansh', NULL, 'Panwar', 'priyanshpaaa@gmail.com', NULL, '+1 1111111111', NULL, 'Employee', 'https://workforceuploads.s3.us-east-2.amazonaws.com/profile_pictures/fcm7EJJUyVfKJ7gCgZzTAfPSjeTEFCSuY8UlcjB9.jpg', NULL, '2', NULL, '$2y$12$Rd43LgMeDnDd0k/7b9Pby.KAzxOEuoUt.PXVOnVV4ZlfULdaZXNHq', NULL, 3, NULL, NULL, NULL, NULL, 'United States', NULL, NULL, NULL, '19231', NULL, NULL, NULL, 1, 0, NULL, NULL, NULL, NULL, '2025-08-07 06:53:54', '2025-08-18 22:57:48', NULL, NULL, 1, NULL, NULL, 'reject', 0, NULL, NULL, NULL, NULL, NULL),
(19246, 'CVB-', 'Vishesh Panwar', 'Vishesh', NULL, 'Panwar', 'vishesh8989@gmail.com', NULL, '+1 1111111111', NULL, 'Programmer', 'https://workforceuploads.s3.us-east-2.amazonaws.com/profile_pictures/6Buoo5qJOr1kIv60NRLYNsdVvkFsVyVsg7USewJB.jpg', NULL, '2', '2025-07-21 23:30:08', '$2y$12$R3vf0d3A2oxUO1m8LoHUKO2I8fgKUxFrZPW1/4nPOdZBfzp7cXBs6', NULL, 227, '[\"227\"]', NULL, NULL, NULL, 'United States', '3', NULL, NULL, NULL, NULL, NULL, NULL, 0, 0, NULL, NULL, NULL, NULL, '2025-07-21 23:24:27', '2025-07-31 21:00:44', NULL, NULL, 1, NULL, NULL, 'noevr', 1, NULL, NULL, NULL, NULL, NULL),
(19247, 'CVB-', 'Mayank Panwar', 'Mayank', NULL, 'Panwar', 'mayank8989@gmail.com', NULL, '+1 1111111111', NULL, 'Programmer', 'https://workforceuploads.s3.us-east-2.amazonaws.com/profile_pictures/6Buoo5qJOr1kIv60NRLYNsdVvkFsVyVsg7USewJB.jpg', NULL, '2', '2025-07-21 23:30:08', '$2y$12$R3vf0d3A2oxUO1m8LoHUKO2I8fgKUxFrZPW1/4nPOdZBfzp7cXBs6', NULL, 227, '[\"227\"]', NULL, NULL, NULL, 'United States', '2', NULL, NULL, NULL, NULL, NULL, NULL, 0, 0, NULL, NULL, NULL, NULL, '2025-07-21 23:24:27', '2025-07-31 21:00:44', NULL, NULL, 1, NULL, NULL, 'noevr', 1, NULL, NULL, NULL, NULL, NULL),
(19248, 'CVB-', 'Taniya Panwar', 'Taniya', NULL, 'Panwar', 'Taniya78787@gmail.com', NULL, '+1 1111111111', NULL, 'Programmer', 'https://workforceuploads.s3.us-east-2.amazonaws.com/profile_pictures/6Buoo5qJOr1kIv60NRLYNsdVvkFsVyVsg7USewJB.jpg', NULL, '2', '2025-07-21 23:30:08', '$2y$12$R3vf0d3A2oxUO1m8LoHUKO2I8fgKUxFrZPW1/4nPOdZBfzp7cXBs6', NULL, 227, '[\"227\"]', NULL, NULL, NULL, 'United States', '3', NULL, NULL, NULL, NULL, NULL, NULL, 0, 0, NULL, NULL, NULL, NULL, '2025-07-21 23:24:27', '2025-07-31 21:00:44', NULL, NULL, 1, NULL, NULL, 'noevr', 1, NULL, NULL, NULL, NULL, NULL),
(19249, 'CVB-19249', 'Arun Kumar', 'Arun', NULL, 'Kumar', 'arunkumar123@gmail.com', NULL, '+1 2111111111', NULL, 'Programmer', 'https://workforceuploads.s3.us-east-2.amazonaws.com/profile_pictures/nhICv1WVW633zPg1xGIANyfetlrDByM9MIvkTBye.jpg', NULL, '2', NULL, '$2y$12$8Xb5rfRj1LyoF25BhA958.Wd79a5kAqBv66sgfvtGhp0TpRZMjnda', NULL, 3, NULL, NULL, NULL, NULL, 'United States', '1', NULL, NULL, '19231', NULL, NULL, NULL, 1, 0, NULL, NULL, NULL, NULL, '2025-07-22 00:06:37', '2025-12-11 05:14:35', NULL, NULL, 1, NULL, NULL, 'pending', 0, NULL, NULL, NULL, NULL, NULL),
(19250, 'CVB-', 'HSE Verifier', 'HSE', NULL, 'Verifier', 'priyanshpanwr58@gmail.com', NULL, '+1 1111111111', NULL, 'Programmer', 'https://workforceuploads.s3.us-east-2.amazonaws.com/profile_pictures/c7S63CUBdeZdP2ZgHYJR0ANFo228tjkWdZ1WPniM.jpg', NULL, '2', NULL, '$2y$12$R3vf0d3A2oxUO1m8LoHUKO2I8fgKUxFrZPW1/4nPOdZBfzp7cXBs6', NULL, 5, '[\"5\"]', NULL, '[\"1\"]', '2', 'United States', NULL, NULL, NULL, NULL, NULL, NULL, NULL, NULL, 0, NULL, NULL, NULL, NULL, '2025-07-21 23:33:56', '2025-07-21 23:33:56', NULL, NULL, 1, NULL, NULL, 'noevr', 0, NULL, NULL, NULL, NULL, NULL),
(19251, 'CVB-', 'Medical Verifier two', 'Medical', NULL, 'Verifier two', 'visheshnwar0711@gmail.com', NULL, '+1 1111111111', NULL, 'Programmer', 'https://workforceuploads.s3.us-east-2.amazonaws.com/profile_pictures/GB2GPjXkRpC8P90500mXkbwDxWacfRUCMEDY86Wj.jpg', NULL, '2', NULL, '$2y$12$R3vf0d3A2oxUO1m8LoHUKO2I8fgKUxFrZPW1/4nPOdZBfzp7cXBs6', NULL, 5, '[\"5\"]', NULL, '[\"3\"]', '2', 'United States', NULL, NULL, NULL, NULL, NULL, NULL, NULL, NULL, 0, NULL, NULL, NULL, NULL, '2025-07-21 23:33:04', '2025-07-21 23:33:04', NULL, NULL, 1, NULL, NULL, 'noevr', 0, NULL, NULL, NULL, NULL, NULL),
(19252, 'CVB-', 'HSE Verifier two', 'HSE', NULL, 'Verifier two', 'priyanspanwr58@gmail.com', NULL, '+1 1111111111', NULL, 'Programmer', 'https://workforceuploads.s3.us-east-2.amazonaws.com/profile_pictures/c7S63CUBdeZdP2ZgHYJR0ANFo228tjkWdZ1WPniM.jpg', NULL, '2', NULL, '$2y$12$R3vf0d3A2oxUO1m8LoHUKO2I8fgKUxFrZPW1/4nPOdZBfzp7cXBs6', NULL, 5, '[\"5\"]', NULL, '[\"1\"]', '2', 'United States', NULL, NULL, NULL, NULL, NULL, NULL, NULL, NULL, 0, NULL, NULL, NULL, NULL, '2025-07-21 23:33:56', '2025-07-21 23:33:56', NULL, NULL, 1, NULL, NULL, 'noevr', 0, NULL, NULL, NULL, NULL, NULL),
(19253, 'CVB-19253', 'Anubhav Panwar', 'Anubhav', NULL, 'Panwar', 'anubhavpanwar66@gmail.com', NULL, '+1 1111111111', NULL, 'Qwerty', 'https://workforceuploads.s3.us-east-2.amazonaws.com/profile_pictures/cI0AKMarUXlhQDM0bJuEflNklaljXeHrwVJcTD0Z.jpg', NULL, '2', NULL, '$2y$10$/MkIycHclcKoYhMgHskFE.tpby6Y7Xp/4OIPLkjyd7n9mtgvTt93G', NULL, 3, NULL, NULL, NULL, NULL, 'United States', '2', NULL, NULL, '19231', NULL, NULL, NULL, 1, 0, NULL, NULL, NULL, NULL, '2025-09-04 22:02:32', '2025-12-18 02:59:47', NULL, NULL, 1, NULL, NULL, 'pending', 0, NULL, NULL, NULL, NULL, NULL),
(700812346, 'CVB-0909009', 'Tushar Rathi', 'Tushar', NULL, 'Rathi', 'tusharrathi@gmail.com', NULL, '+1 (211) 111-1111', NULL, 'Programmer', 'https://workforceuploads.s3.us-east-2.amazonaws.com/profile_pictures/nhICv1WVW633zPg1xGIANyfetlrDByM9MIvkTBye.jpg', NULL, '0', NULL, '', NULL, 3, NULL, NULL, NULL, NULL, 'United States', '3', NULL, NULL, '19231', NULL, NULL, NULL, 0, 0, NULL, NULL, NULL, NULL, '2025-07-22 00:06:37', '2025-11-11 01:41:02', NULL, NULL, 1, NULL, NULL, 'pending', 1, NULL, NULL, NULL, NULL, NULL),
(700812347, 'CVB-19251', 'Kelly Doe', 'Kelly', NULL, 'Doe', 'apanwar@cvbtt.com', NULL, '+919027653412', NULL, 'Electrician', 'https://workforceuploads.s3.us-east-2.amazonaws.com/profile_pictures/rc3xWt6hfWKIOAuRJwl8P4DNzY9ha4HiciKHdykN.jpg', NULL, '2', NULL, '$2y$12$7YY9Bu6ksmlCcfl8bn6ga.ui2yQdEac7t.KG39wChgLVgKb3nxCQO', NULL, 3, NULL, NULL, NULL, NULL, 'Trinidad and Tobago', '1', NULL, NULL, '19231', 'luO8z1IkDP5T1pPitvurRXjmfOx18k0lP3PgUfie3JdFHQe0gwY4T3haE92f', NULL, NULL, 0, 0, NULL, NULL, NULL, NULL, '2025-11-06 10:43:48', '2025-11-19 03:34:49', NULL, NULL, 1, 1, NULL, 'pending', 0, NULL, NULL, NULL, NULL, NULL),
(700812348, 'CVB-700812348', 'Himanshu Panwar', 'Himanshu', NULL, 'Panwar', 'anubhavpanwar9090909777@gmail.com', NULL, '+91 (902) 765-3787', NULL, 'Programmer', 'https://workforceuploads.s3.us-east-2.amazonaws.com/profile_pictures/g46istONP8TbanmbGYbGBUEBV3J0JRCQ8ObB3DiP.jpg', NULL, '0', NULL, NULL, NULL, 3, NULL, NULL, NULL, NULL, 'India ()', '1', NULL, NULL, '19231', NULL, NULL, NULL, 1, 0, NULL, NULL, NULL, NULL, '2025-11-13 23:13:16', '2025-11-28 05:21:58', NULL, NULL, 1, NULL, NULL, 'noevr', 0, NULL, NULL, NULL, NULL, NULL),
(700812349, 'CVB-700812349', 'Test Panwar', 'Test', NULL, 'Panwar', 'anubhavpan7@gmail.com', NULL, '+1 1111111111', NULL, 'Test', 'https://workforceuploads.s3.us-east-2.amazonaws.com/profile_pictures/6hH7zcJYaq5vPmKmUODlVciPTJqgoypuDeU0r62b.jpg', NULL, '2', NULL, '$2y$12$ol5iHYZna3PDUsNsRtcZVuj/.kOYHtzv5MQkOG6YvV1O1I9QTnii2', NULL, 3, NULL, NULL, NULL, NULL, 'United States', '1', NULL, NULL, '19247', NULL, NULL, NULL, 1, 0, NULL, NULL, NULL, NULL, '2025-12-12 02:42:12', '2025-12-17 01:49:41', NULL, NULL, 1, NULL, NULL, 'pending', 0, NULL, NULL, NULL, NULL, NULL);

-- --------------------------------------------------------

--
-- Table structure for table `video_progresses`
--

DROP TABLE IF EXISTS `video_progresses`;
CREATE TABLE IF NOT EXISTS `video_progresses` (
  `id` bigint UNSIGNED NOT NULL AUTO_INCREMENT,
  `employee_id` bigint UNSIGNED NOT NULL,
  `content_id` bigint UNSIGNED NOT NULL,
  `last_position_seconds` int UNSIGNED NOT NULL DEFAULT '0',
  `max_watched_seconds` int UNSIGNED NOT NULL DEFAULT '0',
  `duration_seconds` int UNSIGNED DEFAULT NULL,
  `is_completed` tinyint(1) NOT NULL DEFAULT '0',
  `last_watched_at` datetime DEFAULT NULL,
  `created_at` timestamp NULL DEFAULT NULL,
  `updated_at` timestamp NULL DEFAULT NULL,
  PRIMARY KEY (`id`),
  UNIQUE KEY `uq_employee_content` (`employee_id`,`content_id`),
  KEY `idx_employee` (`employee_id`),
  KEY `idx_content` (`content_id`)
) ENGINE=InnoDB AUTO_INCREMENT=328 DEFAULT CHARSET=utf8mb4 COLLATE=utf8mb4_unicode_ci;

--
-- Dumping data for table `video_progresses`
--

INSERT INTO `video_progresses` (`id`, `employee_id`, `content_id`, `last_position_seconds`, `max_watched_seconds`, `duration_seconds`, `is_completed`, `last_watched_at`, `created_at`, `updated_at`) VALUES
(1, 700812349, 115, 849, 850, 850, 1, '2025-12-17 17:50:07', '2025-12-17 11:44:47', '2025-12-17 12:20:07'),
(133, 19253, 115, 1, 1, 850, 0, '2025-12-24 14:22:33', '2025-12-24 07:14:26', '2025-12-24 08:52:33');
COMMIT;

/*!40101 SET CHARACTER_SET_CLIENT=@OLD_CHARACTER_SET_CLIENT */;
/*!40101 SET CHARACTER_SET_RESULTS=@OLD_CHARACTER_SET_RESULTS */;
/*!40101 SET COLLATION_CONNECTION=@OLD_COLLATION_CONNECTION */;
